date,open,high,low,close
2016-08-08,102.283,102.517,101.8,102.288
2016-08-09,101.922,101.922,100.969,101.915
2016-08-10,101.136,101.495,101.025,101.133
2016-08-11,101.812,102.269,100.862,101.808
2016-08-14,101.264,101.448,100.887,101.283
2016-08-15,101.251,101.251,99.573,101.24
2016-08-16,100.212,101.123,100.169,100.2
2016-08-17,99.893,100.472,99.652,99.906
2016-08-18,100.141,100.429,100.046,100.112
2016-08-21,100.541,100.926,100.225,100.554
2016-08-22,100.301,100.38,99.956,100.251
2016-08-23,100.348,100.578,100.098,100.311
2016-08-24,100.549,100.595,100.308,100.552
2016-08-25,100.557,101.289,100.088,100.555
2016-08-28,101.961,102.382,101.864,101.92
2016-08-29,101.812,102.948,101.756,101.809
2016-08-30,102.873,103.52,102.873,102.868
2016-08-31,103.307,103.994,103.082,103.302
2016-09-01,103.249,104.285,102.843,103.258
2016-09-04,103.958,104.011,103.154,103.934
2016-09-05,103.527,103.806,102.048,103.51
2016-09-06,101.543,101.756,101.229,101.525
2016-09-07,101.817,102.284,101.448,101.829
2016-09-08,102.306,103.021,101.988,102.306
2016-09-11,102.467,102.65,101.771,102.438
2016-09-12,101.756,102.41,101.472,101.751
2016-09-13,102.534,103.336,102.332,102.504
2016-09-14,102.526,102.731,101.959,102.548
2016-09-15,101.984,102.395,101.774,102.008
2016-09-18,102.331,102.363,101.581,102.307
2016-09-19,101.905,102.048,101.573,101.846
2016-09-20,101.594,102.777,100.563,101.547
2016-09-21,100.402,100.892,100.101,100.393
2016-09-22,100.803,101.23,100.689,100.831
2016-09-25,100.91,101.076,100.296,100.889
2016-09-26,100.384,100.976,100.141,100.359
2016-09-27,100.475,100.812,100.423,100.468
2016-09-28,100.944,101.81,100.921,100.935
2016-09-29,101.187,101.687,100.756,101.199
2016-10-02,101.539,101.652,101.215,101.563
2016-10-03,101.836,102.863,101.832,101.817
2016-10-04,102.842,103.583,102.682,102.88
2016-10-05,103.449,104.146,103.347,103.46
2016-10-06,103.753,103.978,102.871,103.765
2016-10-09,103.058,103.744,102.818,103.018
2016-10-10,103.736,104.064,103.316,103.697
2016-10-11,103.306,104.473,103.3,103.342
2016-10-12,104.317,104.611,103.359,104.304
2016-10-13,103.753,104.459,103.665,103.722
2016-10-16,104.08,104.352,103.902,104.039
2016-10-17,103.859,104.19,103.689,103.851
2016-10-18,103.874,103.936,103.183,103.865
2016-10-19,103.439,104.074,103.416,103.391
2016-10-20,104.13,104.199,103.524,104.109
2016-10-23,103.907,104.299,103.72,103.917
2016-10-24,104.29,104.865,104.25,104.321
2016-10-25,104.144,104.469,104.024,104.154
2016-10-26,104.572,105.155,104.326,104.563
2016-10-27,105.235,105.495,105.066,105.209
2016-10-31,104.567,105.217,104.541,104.565
2016-11-01,104.829,105.12,104.457,104.82
2016-11-02,104.083,104.156,103.108,104.092
2016-11-03,103.393,103.436,102.576,103.378
2016-11-04,103.045,103.343,102.842,103.052
2016-11-07,104.18,104.625,103.847,104.195
2016-11-08,104.455,104.821,104.302,104.438
2016-11-09,104.993,105.421,101.206,105.03
2016-11-10,105.85,106.935,105.023,105.853
2016-11-11,106.806,106.916,106.054,106.856
2016-11-14,106.863,108.467,106.863,106.871
2016-11-15,108.222,108.975,107.79,108.202
2016-11-16,109.006,109.747,108.809,109.038
2016-11-17,108.782,109.613,108.573,108.785
2016-11-18,110.237,110.877,109.815,110.256
2016-11-21,110.929,111.164,110.506,110.973
2016-11-22,110.677,111.354,110.285,110.65
2016-11-23,110.999,112.943,110.863,111.006
2016-11-24,112.512,113.511,112.427,112.582
2016-11-25,113.273,113.89,112.61,113.292
2016-11-28,112.65,112.768,111.395,112.652
2016-11-29,111.705,113.3,111.705,111.69
2016-11-30,112.504,113.942,112.066,112.47
2016-12-01,114.671,114.713,113.841,114.694
2016-12-02,113.902,114.158,113.334,113.909
2016-12-05,113.525,114.771,113.335,113.505
2016-12-06,113.882,114.167,113.515,113.863
2016-12-07,114.082,114.384,113.519,114.052
2016-12-08,113.772,114.361,113.202,113.713
2016-12-09,114.063,115.266,114.02,114.075
2016-12-12,115.44,116.079,115.157,115.412
2016-12-13,114.993,115.468,114.777,115.002
2016-12-14,115.195,115.304,114.781,115.224
2016-12-15,117.232,118.647,117.199,117.211
2016-12-16,118.268,118.398,117.9265,118.241
2016-12-19,117.817,117.833,116.847,117.791
2016-12-20,117.044,118.231,117,117.037
2016-12-21,117.806,118.048,117.113,117.875
2016-12-22,117.618,117.851,117.317,117.604
2016-12-23,117.56,117.56,117.176,117.542
2016-12-26,117.313,117.313,117.001,117.31
2016-12-27,117.183,117.601,117.183,117.192
2016-12-28,117.487,117.805,117.378,117.48
2016-12-29,117.047,117.047,116.232,117.087
2016-12-30,116.315,117.19,116.122,116.267
2017-01-02,116.81,117.485,116.725,116.795
2017-01-03,117.488,118.593,117.286,117.495
2017-01-04,117.678,118.176,117.068,117.659
2017-01-05,117.056,117.085,115.293,117.113
2017-01-06,115.318,116.744,115.263,115.265
2017-01-09,117.159,117.524,116.183,117.15
2017-01-10,115.996,116.333,115.203,115.985
2017-01-11,115.875,116.835,115.681,115.872
2017-01-12,115.055,115.219,113.76,115.098
2017-01-13,114.696,115.388,114.284,114.664
2017-01-16,114.262,114.449,113.696,114.227
2017-01-17,114.126,114.276,112.74,114.152
2017-01-18,112.908,113.555,112.645,112.878
2017-01-19,114.738,115.521,114.423,114.762
2017-01-20,114.894,115.37,114.546,114.98
2017-01-23,113.853,114.036,112.975,113.81
2017-01-24,112.838,113.468,112.58,112.78
2017-01-25,113.903,113.962,113.083,113.84
2017-01-26,113.192,114.768,113.067,113.293
2017-01-27,114.425,115.336,114.401,114.455
2017-01-30,114.683,114.915,113.764,114.668
2017-01-31,113.694,113.932,112.083,113.65
2017-02-01,112.768,113.915,112.768,112.743
2017-02-02,113.243,113.243,112.077,113.311
2017-02-03,112.779,113.232,112.3235,112.789
2017-02-06,112.647,112.771,112.028,112.639
2017-02-07,111.798,112.559,111.599,111.827
2017-02-08,112.402,112.52,111.649,112.387
2017-02-09,111.955,113.179,111.903,111.952
2017-02-10,113.437,113.84,113.374,113.434
2017-02-13,113.97,114.135,113.452,113.914
2017-02-14,113.673,114.433,113.271,113.705
2017-02-15,114.286,114.941,114.241,114.301
2017-02-16,114.136,114.136,113.228,114.112
2017-02-17,113.352,113.483,112.629,113.305
2017-02-20,112.9,113.232,112.837,112.911
2017-02-21,113.243,113.754,113.243,113.28
2017-02-22,113.654,113.654,112.913,113.669
2017-02-23,113.375,113.397,112.577,113.417
2017-02-24,112.676,112.95,112.064,112.682
2017-02-27,112.174,112.468,111.935,112.188
2017-02-28,112.734,112.797,111.7835,112.745
2017-03-01,113.034,114.038,112.814,113.077
2017-03-02,114.097,114.536,113.847,114.121
2017-03-03,114.323,114.524,114.075,114.342
2017-03-06,113.824,113.913,113.5605,113.847
2017-03-07,113.916,114.141,113.739,113.917
2017-03-08,113.924,114.716,113.618,113.926
2017-03-09,114.406,114.948,114.367,114.411
2017-03-10,115.139,115.488,114.815,115.149
2017-03-13,114.775,114.912,114.483,114.732
2017-03-14,114.913,115.176,114.561,114.915
2017-03-15,114.653,114.881,114.5635,114.659
2017-03-16,113.4,113.528,112.92,113.402
2017-03-17,113.348,113.49,112.5515,113.34
2017-03-20,112.665,112.884,112.467,112.674
2017-03-21,112.574,112.858,111.834,112.573
2017-03-22,111.563,111.754,110.765,111.532
2017-03-23,111.334,111.558,110.632,111.369
2017-03-24,110.992,111.476,110.88,111.004
2017-03-26,110.543,110.58,110.121,110.552
2017-03-27,110.747,110.813,110.207,110.771
2017-03-28,111.188,111.296,110.755,111.226
2017-03-29,111.119,111.481,110.965,111.154
2017-03-30,111.741,112.181,111.393,111.776
2017-04-02,111.313,111.574,110.923,111.265
2017-04-03,110.701,110.801,110.274,110.709
2017-04-04,110.827,111.416,110.545,110.854
2017-04-05,110.395,111.108,110.296,110.381
2017-04-06,110.893,110.99,110.152,110.897
2017-04-09,111.225,111.572,110.939,111.225
2017-04-10,110.688,110.833,109.636,110.717
2017-04-11,109.585,109.755,109.366,109.587
2017-04-12,108.873,109.371,108.741,108.902
2017-04-13,109.114,109.219,108.563,109.101
2017-04-16,108.296,108.626,108.142,108.323
2017-04-17,109.151,109.212,108.414,109.112
2017-04-18,108.547,109.167,108.425,108.535
2017-04-19,108.841,109.411,108.72,108.834
2017-04-20,109.368,109.383,108.943,109.375
2017-04-23,109.993,110.326,109.721,109.978
2017-04-24,109.626,110.993,109.626,109.641
2017-04-25,111.062,111.724,111.042,111.046
2017-04-26,111.175,111.591,111.0525,111.191
2017-04-27,111.215,111.687,111.08,111.226
2017-04-30,111.303,111.9,111.303,111.302
2017-05-01,111.82,112.294,111.82,111.812
2017-05-02,111.974,112.49,111.972,111.969
2017-05-03,112.799,113.038,112.664,112.783
2017-05-04,112.531,112.738,112.095,112.537
2017-05-07,112.692,112.873,112.403,112.684
2017-05-08,113.21,114.205,113.141,113.23
2017-05-09,113.689,114.149,113.647,113.698
2017-05-10,114.303,114.336,113.48,114.328
2017-05-11,113.814,113.946,113.213,113.809
2017-05-14,113.265,113.722,113.256,113.271
2017-05-15,113.648,113.757,112.981,113.642
2017-05-16,112.718,112.72,111.239,112.646
2017-05-17,111.115,111.416,110.2265,111.126
2017-05-18,111.422,111.683,111.069,111.401
2017-05-21,111.268,111.59,110.961,111.284
2017-05-22,110.949,111.693,110.91,110.891
2017-05-23,111.936,112.111,111.707,111.957
2017-05-24,111.52,111.935,111.52,111.524
2017-05-25,111.716,111.794,110.887,111.73
2017-05-28,111.267,111.457,111.21,111.256
2017-05-29,111.189,111.213,110.665,111.174
2017-05-30,110.875,111.191,110.496,110.839
2017-05-31,110.769,111.446,110.769,110.796
2017-06-01,111.46,111.699,110.342,111.437
2017-06-04,110.484,110.72,110.345,110.463
2017-06-05,110.38,110.437,109.242,110.381
2017-06-06,109.495,109.628,109.128,109.509
2017-06-07,109.918,110.369,109.41,109.9
2017-06-08,109.912,110.787,109.912,109.859
2017-06-11,110.308,110.316,109.676,110.288
2017-06-12,109.916,110.266,109.916,109.921
2017-06-13,110.045,110.337,108.944,110.055
2017-06-14,109.399,110.758,109.399,109.446
2017-06-15,111.047,111.404,110.661,110.952
2017-06-18,110.978,111.377,110.909,110.954
2017-06-19,111.739,111.767,111.327,111.673
2017-06-20,111.343,111.713,111.0655,111.334
2017-06-21,111.334,111.433,110.956,111.31
2017-06-22,111.31,111.416,111.158,111.29
2017-06-25,111.255,111.711,111.222,111.239
2017-06-26,111.903,112.438,111.468,111.858
2017-06-27,112.174,112.399,111.863,112.188
2017-06-28,112.367,112.92,112.154,112.354
2017-06-29,111.972,112.389,111.749,112.009
2017-07-02,112.243,113.417,112.204,112.262
2017-07-03,113.369,113.37,112.779,113.386
2017-07-04,112.965,113.67,112.833,112.962
2017-07-05,113.224,113.451,112.896,113.187
2017-07-06,113.165,114.168,113.165,113.149
2017-07-09,113.943,114.293,113.926,113.985
2017-07-11,113.768,113.792,112.9395,113.748
2017-07-12,113.304,113.514,112.874,113.335
2017-07-13,113.4,113.566,112.27,113.418
2017-07-16,112.422,112.848,112.342,112.397
2017-07-17,112.6,112.617,111.701,112.581
2017-07-18,111.974,112.217,111.56,111.995
2017-07-19,111.855,112.407,111.491,111.877
2017-07-20,111.892,112.063,111.095,111.885
2017-07-23,110.944,111.156,110.628,110.945
2017-07-24,111.224,111.662,110.831,111.232
2017-07-25,112.017,112.143,111.724,112.003
2017-07-26,111.132,111.658,110.79,111.128
2017-07-27,111.067,111.279,110.6615,111.097
2017-07-30,110.522,110.753,110.353,110.51
2017-07-31,110.352,110.555,109.959,110.359
2017-08-01,110.458,110.96,110.288,110.432
2017-08-02,110.764,110.808,109.979,110.757
2017-08-03,109.87,111.02,109.864,109.9
2017-08-06,110.811,110.903,110.647,110.786
2017-08-07,110.754,110.821,110.251,110.75
2017-08-08,110.095,110.141,109.569,110.102
2017-08-09,110.044,110.163,109.265,110.049
2017-08-10,109.09,109.379,108.797,109.106
2017-08-13,109.25,109.785,109.208,109.23
2017-08-14,109.945,110.84,109.939,109.932
2017-08-15,110.573,110.941,110.573,110.596
2017-08-16,109.983,110.312,109.634,109.999
2017-08-17,109.341,109.518,108.605,109.328
2017-08-20,109.324,109.364,108.633,109.32
2017-08-21,109.074,109.53,109.052,108.944
2017-08-22,109.756,109.806,108.999,109.731
2017-08-23,108.921,109.453,108.921,108.91
2017-08-24,109.5,109.797,109.123,109.514
2017-08-27,109.367,109.392,109.047,109.346
2017-08-28,108.731,109.06,108.328,108.737
2017-08-29,109.768,110.412,109.669,109.79
2017-08-30,110.468,110.645,109.952,110.46
2017-08-31,110.117,110.369,109.58,110.129
2017-09-03,109.777,109.908,109.397,109.795
2017-09-04,109.78,109.78,108.83,109.81
2017-09-05,108.597,109.096,108.483,108.602
2017-09-06,109.162,109.198,108.072,109.134
2017-09-07,108.297,108.467,107.322,108.27
2017-09-10,108.285,109.091,108.233,108.231
2017-09-11,109.413,110.059,109.294,109.395
2017-09-12,110.206,110.677,109.919,110.226
2017-09-13,110.508,110.992,110.36,110.515
2017-09-14,109.919,111.321,109.919,109.919
2017-09-17,111.153,111.581,111.124,111.197
2017-09-18,111.487,111.862,111.272,111.496
2017-09-19,111.575,111.639,111.2295,111.578
2017-09-20,112.573,112.707,112.142,112.546
2017-09-21,112.447,112.534,111.675,112.452
2017-09-24,112.446,112.499,111.568,112.444
2017-09-25,111.751,112.285,111.499,111.761
2017-09-26,112.434,113.237,112.286,112.377
2017-09-27,112.854,113.19,112.481,112.86
2017-09-28,112.509,112.715,112.235,112.467
2017-10-01,112.683,113.048,112.5365,112.638
2017-10-02,112.776,113.187,112.687,112.77
2017-10-03,112.846,112.879,112.326,112.848
2017-10-04,112.826,112.904,112.422,112.823
2017-10-05,112.77,113.431,112.651,112.774
2017-10-08,112.541,112.743,112.534,112.551
2017-10-09,112.684,112.821,112.004,112.658
2017-10-10,112.347,112.563,112.093,112.345
2017-10-11,112.403,112.458,112.21,112.434
2017-10-12,112.244,112.249,111.699,112.239
2017-10-15,111.877,112.076,111.651,111.882
2017-10-16,112.186,112.467,112.037,112.195
2017-10-17,112.203,113.038,112.141,112.213
2017-10-18,113.001,113.141,112.329,113.013
2017-10-19,112.645,113.559,112.606,112.68
2017-10-22,114.052,114.059,113.623,114.048
2017-10-23,113.32,113.988,113.262,113.34
2017-10-24,113.936,114.24,113.576,113.946
2017-10-25,113.539,114.031,113.342,113.558
2017-10-26,114.125,114.436,113.718,114.124
2017-10-30,113.677,113.824,113.165,113.739
2017-10-31,113.038,113.645,112.974,112.996
2017-11-01,113.644,114.268,113.634,113.65
2017-11-02,114.171,114.208,113.549,114.152
2017-11-03,114.014,114.407,113.683,114.016
2017-11-06,114.19,114.725,113.789,114.178
2017-11-07,113.771,114.332,113.723,113.771
2017-11-08,113.732,113.913,113.403,113.761
2017-11-09,113.927,114.063,113.2405,113.927
2017-11-10,113.369,113.624,113.236,113.375
2017-11-13,113.69,113.705,113.246,113.686
2017-11-14,113.6,113.907,113.31,113.585
2017-11-15,113.406,113.488,112.514,113.402
2017-11-17,113.045,113.045,111.973,113.028
2017-11-20,112.019,112.529,111.961,112.038
2017-11-21,112.548,112.7,112.184,112.551
2017-11-22,112.33,112.343,111.51,112.341
2017-11-23,111.285,111.377,111.071,111.313
2017-11-24,111.259,111.572,111.259,111.254
2017-11-27,111.649,111.649,110.847,111.671
2017-11-28,111.156,111.457,110.933,111.17
2017-11-29,111.611,112.131,111.385,111.648
2017-11-30,112.028,112.476,111.743,112.002
2017-12-01,112.555,112.852,111.455,112.556
2017-12-04,112.839,113.076,112.664,112.864
2017-12-05,112.508,112.858,112.377,112.499
2017-12-06,112.469,112.519,112.007,112.464
2017-12-07,112.322,112.794,112.322,112.291
2017-12-08,113.197,113.585,113.123,113.173
2017-12-11,113.527,113.681,113.241,113.543
2017-12-12,113.55,113.739,113.374,113.54
2017-12-13,113.513,113.527,112.966,113.545
2017-12-14,112.746,112.873,112.473,112.782
2017-12-15,112.388,112.727,112.043,112.396
2017-12-18,112.73,112.821,112.329,112.716
2017-12-19,112.59,113.026,112.511,112.568
2017-12-20,113.003,113.348,112.862,112.983
2017-12-21,113.239,113.615,113.238,113.241
2017-12-22,113.293,113.44,113.28,113.323
2017-12-25,113.295,113.345,113.211,113.308
2017-12-26,113.309,113.344,113.189,113.303
2017-12-27,113.201,113.351,113.155,113.203
2017-12-28,113.222,113.264,112.667,113.217
2017-12-29,112.876,112.966,112.468,112.875
2018-01-01,112.68,112.69,112.67,112.666
2018-01-02,112.77,112.788,112.075,112.77
2018-01-03,112.264,112.485,112.193,112.244
2018-01-04,112.606,112.854,112.507,112.607
2018-01-05,112.79,113.289,112.731,112.783
2018-01-08,113.151,113.37,112.893,113.154
2018-01-09,113.174,113.174,112.37,113.141
2018-01-10,112.77,112.77,111.281,112.755
2018-01-11,111.426,111.871,111.334,111.444
2018-01-12,111.289,111.67,111.003,111.294
2018-01-15,111.17,111.17,110.493,111.1
2018-01-16,110.628,110.973,110.602,110.581
2018-01-17,110.347,110.909,110.208,110.388
2018-01-18,111.341,111.474,110.736,111.376
2018-01-19,111.005,111.106,110.505,111.026
2018-01-22,110.697,111.148,110.614,110.684
2018-01-23,110.974,111.16,110.256,110.966
2018-01-24,110.123,110.292,109.009,110.107
2018-01-25,109.306,109.462,108.59,109.326
2018-01-26,109.662,109.755,108.336,109.704
2018-01-29,108.648,109.189,108.511,108.639
2018-01-30,108.958,109.195,108.425,108.926
2018-01-31,108.756,109.421,108.6,108.732
2018-02-01,109.179,109.744,109.114,109.201
2018-02-02,109.387,110.467,109.304,109.406
2018-02-05,110.022,110.254,109.669,110.035
2018-02-06,109.013,109.626,108.471,109.095
2018-02-07,109.619,109.651,108.926,109.627
2018-02-08,109.131,109.776,108.897,109.196
2018-02-09,108.577,109.286,108.444,108.529
2018-02-12,108.786,108.786,108.455,108.8
2018-02-13,108.674,108.753,107.434,108.69
2018-02-14,107.759,107.886,106.724,107.764
2018-02-15,106.592,106.874,106.194,106.587
2018-02-16,106.06,106.37,105.558,106.111
2018-02-19,106.27,106.713,106.098,106.261
2018-02-20,106.724,107.346,106.645,106.709
2018-02-21,107.373,107.889,107.303,107.381
2018-02-22,107.63,107.757,106.649,107.555
2018-02-23,106.845,107.114,106.523,106.814
2018-02-26,107.052,107.063,106.383,107.074
2018-02-27,107.086,107.64,106.795,107.069
2018-02-28,107.464,107.522,106.583,107.426
2018-03-01,106.643,107.193,106.567,106.64
2018-03-02,106.175,106.283,105.2635,106.163
2018-03-05,105.56,105.983,105.349,105.556
2018-03-06,106.276,106.453,105.853,106.25
2018-03-07,105.614,106.18,105.511,105.537
2018-03-08,106.169,106.254,105.898,106.186
2018-03-09,106.403,107.029,106.359,106.406
2018-03-12,106.886,106.966,106.374,106.891
2018-03-13,106.318,107.275,106.263,106.26
2018-03-14,106.549,106.734,106.084,106.508
2018-03-15,106.154,106.172,105.79,106.155
2018-03-16,106.328,106.328,105.607,106.309
2018-03-19,105.968,106.298,105.681,105.969
2018-03-20,106.038,106.583,105.984,105.996
2018-03-21,106.48,106.512,106.139,106.469
2018-03-22,105.917,105.961,105.283,105.929
2018-03-23,104.979,105.279,104.667,104.968
2018-03-25,104.84,105.244,104.736,104.859
2018-03-26,105.546,105.888,105.459,105.5
2018-03-27,105.522,106.324,105.431,105.493
2018-03-28,106.799,106.926,106.2595,106.812
2018-03-29,106.474,106.504,106.116,106.479
2018-04-01,106.318,106.446,105.962,106.312
2018-04-02,105.805,106.59,105.695,105.799
2018-04-03,106.429,106.68,105.995,106.436
2018-04-04,106.784,107.481,106.716,106.774
2018-04-05,107.081,107.454,106.969,107.052
2018-04-08,106.95,107.199,106.853,106.968
2018-04-09,106.72,107.393,106.629,106.749
2018-04-10,107.111,107.149,106.654,107.113
2018-04-11,106.814,107.412,106.703,106.829
2018-04-12,107.28,107.774,107.259,107.222
2018-04-15,107.488,107.505,107.136,107.498
2018-04-16,107.008,107.196,106.884,107.046
2018-04-17,107.028,107.378,107.007,107.016
2018-04-18,107.362,107.511,107.27,107.346
2018-04-19,107.44,107.848,107.405,107.432
2018-04-22,107.843,108.63,107.733,107.869
2018-04-23,108.748,109.188,108.702,108.761
2018-04-24,108.802,109.374,108.789,108.803
2018-04-25,109.367,109.448,109.073,109.364
2018-04-26,109.315,109.533,108.98,109.3
2018-04-29,109.095,109.4395,109.02,109.098
2018-04-30,109.306,109.787,109.258,109.323
2018-05-01,109.846,109.998,109.652,109.872
2018-05-02,109.822,109.844,108.93,109.827
2018-05-03,109.119,109.261,108.649,109.096
2018-05-06,109.139,109.382,108.757,109.146
2018-05-07,108.94,109.331,108.858,108.943
2018-05-08,109.039,109.821,109.001,109.024
2018-05-09,109.826,109.987,109.332,109.847
2018-05-10,109.464,109.562,109.161,109.436
2018-05-13,109.326,109.635,109.21,109.338
2018-05-14,109.729,110.362,109.673,109.731
2018-05-15,110.283,110.379,110.043,110.297
2018-05-16,110.38,110.858,110.095,110.359
2018-05-17,110.844,111.072,110.656,110.828
2018-05-20,110.918,111.385,110.906,110.88
2018-05-21,111.007,111.171,110.801,110.978
2018-05-22,110.73,110.874,109.559,110.726
2018-05-23,109.909,109.913,108.976,109.869
2018-05-24,109.33,109.721,109.119,109.312
2018-05-27,109.637,109.731,109.251,109.623
2018-05-28,109.387,109.387,108.476,109.389
2018-05-29,108.449,109.06,108.399,108.394
2018-05-30,108.724,108.984,108.4,108.712
2018-05-31,108.765,109.72,108.762,108.749
2018-06-03,109.598,109.749,109.373,109.598
2018-06-04,109.973,109.986,109.593,109.963
2018-06-05,109.873,110.215,109.801,109.859
2018-06-06,110.117,110.215,109.85,110.125
2018-06-07,109.722,109.845,109.199,109.694
2018-06-10,109.51,110.047,109.399,109.443
2018-06-11,110.362,110.47,110.1,110.386
2018-06-12,110.466,110.704,110.343,110.452
2018-06-13,110.244,110.457,109.919,110.242
2018-06-14,110.661,110.897,110.392,110.645
2018-06-17,110.623,110.649,110.308,110.617
2018-06-18,110.169,110.193,109.559,110.138
2018-06-19,110.081,110.244,109.87,110.071
2018-06-20,110.344,110.749,109.886,110.352
2018-06-21,109.936,110.209,109.802,109.952
2018-06-24,109.935,109.935,109.381,109.937
2018-06-25,109.633,110.016,109.389,109.643
2018-06-26,110.13,110.479,109.688,110.097
2018-06-27,110.229,110.411,109.974,110.215
2018-06-28,110.442,110.871,110.388,110.486
2018-07-01,110.745,111.053,110.606,110.71
2018-07-02,110.887,111.126,110.51,110.871
2018-07-03,110.4,110.546,110.282,110.408
2018-07-04,110.497,110.703,110.295,110.502
2018-07-05,110.555,110.778,110.384,110.579
2018-07-08,110.423,110.776,110.36,110.422
2018-07-09,110.941,111.343,110.924,110.953
2018-07-10,110.875,111.62,110.774,110.831
2018-07-11,111.986,112.616,111.986,111.958
2018-07-12,112.655,112.793,112.369,112.665
2018-07-15,112.403,112.549,112.251,112.399
2018-07-16,112.363,112.899,112.235,112.374
2018-07-17,112.991,113.129,112.72,113.012
2018-07-18,112.802,113.147,112.654,112.791
2018-07-19,112.372,112.613,111.646,112.363
2018-07-22,111.058,111.421,110.779,111.053
2018-07-23,111.45,111.45,110.976,111.46
2018-07-24,111.268,111.36,110.905,111.241
2018-07-25,110.876,111.199,110.603,110.845
2018-07-26,111.139,111.216,110.905,111.146
2018-07-29,110.922,111.156,110.894,110.934
2018-07-30,110.989,111.953,110.859,110.994
2018-07-31,111.795,112.137,111.7,111.808
2018-08-01,111.637,111.724,111.33,111.62
2018-08-02,111.699,111.783,111.1,111.69
2018-08-05,111.217,111.522,111.167,111.234
2018-08-06,111.328,111.364,110.999,111.34
2018-08-07,111.347,111.42,110.84,111.345
2018-08-08,110.903,111.178,110.71,110.892
2018-08-09,111.064,111.128,110.518,111.091
2018-08-12,110.649,110.927,110.115,110.629
2018-08-13,110.598,111.123,110.598,110.661
2018-08-14,111.253,111.418,110.436,111.246
2018-08-15,110.585,110.91,110.472,110.576
2018-08-16,110.993,111.035,110.323,111.004
2018-08-19,110.477,110.675,110.31,110.475
2018-08-20,109.936,110.489,109.776,109.948
2018-08-21,110.101,110.609,110.03,110.134
2018-08-22,110.56,111.285,110.552,110.588
2018-08-23,111.338,111.481,111.141,111.367
2018-08-26,111.289,111.338,110.944,111.282
2018-08-27,111.126,111.351,110.94,111.137
2018-08-28,111.161,111.812,111.129,111.162
2018-08-29,111.691,111.746,111.136,111.712
2018-08-30,110.998,111.086,110.686,110.999
2018-09-02,111.141,111.166,110.851,111.144
2018-09-03,111.061,111.525,110.917,111.088
2018-09-04,111.446,111.752,111.405,111.461
2018-09-05,111.431,111.431,110.847,111.449
2018-09-06,110.486,111.233,110.395,110.495
2018-09-09,110.914,111.185,110.875,110.92
2018-09-10,111.159,111.592,111.151,111.148
2018-09-11,111.598,111.602,111.219,111.607
2018-09-12,111.172,111.945,111.172,111.22
2018-09-13,112.047,112.165,111.754,112.012
2018-09-16,111.951,112.117,111.857,111.953
2018-09-17,111.667,112.375,111.667,111.69
2018-09-18,112.287,112.426,112.19,112.277
2018-09-19,112.317,112.575,112.06,112.317
2018-09-20,112.483,112.871,112.464,112.495
2018-09-23,112.525,112.684,112.444,112.524
2018-09-24,112.795,112.957,112.74,112.786
2018-09-25,112.977,113.046,112.77,112.969
2018-09-26,112.7,113.395,112.57,112.704
2018-09-27,113.389,113.649,113.33,113.357
2018-09-30,113.784,114.054,113.738,113.796
2018-10-01,113.958,114.007,113.528,113.946
2018-10-02,113.574,114.224,113.518,113.577
2018-10-03,114.489,114.511,113.662,114.486
2018-10-04,113.899,114.086,113.564,113.894
2018-10-07,113.696,113.94,113.002,113.715
2018-10-08,113.093,113.38,112.94,113.097
2018-10-09,112.999,113.272,112.605,112.998
2018-10-10,112.121,112.518,111.987,112.092
2018-10-11,112.102,112.49,112.007,112.08
2018-10-14,112.219,112.219,111.623,112.192
2018-10-15,111.847,112.285,111.813,111.841
2018-10-16,112.314,112.414,112.018,112.342
2018-10-17,112.618,112.725,112.09,112.628
2018-10-18,112.211,112.623,112.199,112.185
2018-10-21,112.451,112.874,112.352,112.48
2018-10-22,112.741,112.795,111.962,112.757
2018-10-23,112.447,112.737,112.331,112.444
2018-10-24,112.029,112.631,111.825,112.012
2018-10-25,112.313,112.434,111.385,112.35
2018-10-29,111.912,112.551,111.79,111.908
2018-10-30,112.307,112.973,112.307,112.324
2018-10-31,113.057,113.375,112.828,113.052
2018-11-01,112.846,112.995,112.642,112.851
2018-11-02,112.723,113.103,112.661,112.715
2018-11-05,113.133,113.321,113.075,113.139
2018-11-06,113.273,113.436,113.108,113.246
2018-11-07,113.352,113.808,112.95,113.363
2018-11-08,113.566,113.875,113.551,113.547
2018-11-09,113.959,114.002,113.656,113.953
2018-11-12,113.838,114.184,113.66,113.846
2018-11-13,113.66,114.14,113.592,113.696
2018-11-14,113.793,113.996,113.655,113.789
2018-11-15,113.559,113.65,113.101,113.564
2018-11-16,113.559,113.602,112.679,113.555
2018-11-19,112.727,112.865,112.449,112.73
2018-11-20,112.456,112.731,112.3,112.443
2018-11-21,112.712,113.142,112.702,112.703
2018-11-22,113.021,113.123,112.88,113.021
2018-11-23,112.998,113.005,112.664,112.978
2018-11-26,112.924,113.588,112.904,112.919
2018-11-27,113.515,113.832,113.406,113.504
2018-11-28,113.777,114.015,113.71,113.767
2018-11-29,113.57,113.608,113.201,113.555
2018-11-30,113.412,113.596,113.338,113.411
2018-12-03,113.758,113.758,113.373,113.763
2018-12-04,113.589,113.614,112.72,113.587
2018-12-05,112.697,113.226,112.683,112.699
2018-12-06,113.062,113.153,112.24,113.051
2018-12-07,112.731,112.925,112.563,112.689
2018-12-10,112.506,113.049,112.249,112.502
2018-12-11,113.2,113.453,113.006,113.181
2018-12-12,113.384,113.512,113.16,113.384
2018-12-13,113.287,113.702,113.287,113.285
2018-12-14,113.573,113.668,113.319,113.56
2018-12-17,113.391,113.517,112.877,113.39
2018-12-18,112.832,112.832,112.25,112.829
2018-12-19,112.497,112.584,112.133,112.524
2018-12-20,112.422,112.599,111.331,112.41
2018-12-21,111.198,111.45,110.939,111.171
2018-12-24,111.1,111.14,110.267,111.054
2018-12-25,110.314,110.344,109.991,110.311
2018-12-26,110.431,110.698,110.286,110.402
2018-12-27,111.221,111.222,110.653,111.206
2018-12-28,110.86,110.93,110.222,110.855
2018-12-31,110.324,110.468,109.659,110.33
2019-01-01,109.63,109.634,109.59,109.63
2019-01-02,109.66,109.674,108.73,109.668
2019-01-03,107.45,108.271,106.776,107.441
2019-01-04,107.866,108.583,107.513,107.808
2019-01-07,108.489,108.625,108.036,108.522
2019-01-08,108.643,109.077,108.45,108.616
2019-01-09,108.751,108.98,108.064,108.776
2019-01-10,108.162,108.323,107.773,108.189
2019-01-11,108.287,108.571,108.154,108.298
2019-01-14,108.466,108.475,107.998,108.458
2019-01-15,108.245,108.75,108.207,108.25
2019-01-16,108.654,108.907,108.371,108.644
2019-01-17,109.036,109.088,108.689,109.037
2019-01-18,109.143,109.792,109.143,109.153
2019-01-21,109.657,109.698,109.482,109.661
2019-01-22,109.663,109.678,109.28,109.67
2019-01-23,109.365,109.974,109.365,109.355
2019-01-24,109.477,109.792,109.427,109.492
2019-01-25,109.592,109.943,109.535,109.597
2019-01-28,109.388,109.519,109.164,109.4
2019-01-29,109.263,109.53,109.141,109.254
2019-01-30,109.412,109.736,109.226,109.417
2019-01-31,108.957,108.995,108.5,108.981
2019-02-01,108.846,109.562,108.75,108.844
2019-02-04,109.48,110.14,109.473,109.438
2019-02-05,109.985,110.034,109.787,109.961
2019-02-06,109.935,110.049,109.559,109.941
2019-02-07,109.986,110.077,109.604,109.974
2019-02-08,109.76,109.89,109.654,109.756
2019-02-11,109.817,110.445,109.777,109.81
2019-02-12,110.392,110.645,110.348,110.4
2019-02-13,110.513,110.881,110.502,110.515
2019-02-14,110.938,111.121,110.511,110.923
2019-02-15,110.539,110.637,110.26,110.538
2019-02-18,110.543,110.607,110.464,110.564
2019-02-19,110.599,110.811,110.454,110.591
2019-02-20,110.597,110.944,110.594,110.572
2019-02-21,110.779,110.849,110.597,110.765
2019-02-22,110.701,110.9,110.63,110.708
2019-02-25,110.769,111.071,110.579,110.772
2019-02-26,111.035,111.066,110.67,111.046
2019-02-27,110.551,110.966,110.357,110.556
2019-02-28,110.873,111.435,110.66,110.862
2019-03-01,111.371,111.976,111.371,111.357
2019-03-04,111.923,112.007,111.663,111.938
2019-03-05,111.76,112.129,111.76,111.777
2019-03-06,111.855,111.91,111.614,111.866
2019-03-07,111.642,111.841,111.48,111.623
2019-03-08,111.638,111.639,110.83,111.634
2019-03-11,111.077,111.296,110.878,111.08
2019-03-12,111.324,111.453,111.107,111.342
2019-03-13,111.322,111.455,111.145,111.306
2019-03-14,111.196,111.722,111.145,111.196
2019-03-15,111.771,111.896,111.39,111.753
2019-03-18,111.548,111.62,111.412,111.561
2019-03-19,111.384,111.469,111.159,111.373
2019-03-20,111.428,111.688,111.375,111.401
2019-03-21,110.644,110.945,110.309,110.66
2019-03-22,110.812,110.885,109.74,110.806
2019-03-25,110.12,110.229,109.729,110.081
2019-03-26,110.064,110.675,110.001,110.068
2019-03-27,110.548,110.693,110.247,110.554
2019-03-28,110.485,110.817,110.031,110.49
2019-03-29,110.678,110.936,110.54,110.637
2019-03-31,110.993,111.311,110.863,110.995
2019-04-01,111.434,111.434,111.251,111.451
2019-04-02,111.32,111.574,111.21,111.305
2019-04-03,111.373,111.617,111.338,111.395
2019-04-04,111.657,111.816,111.61,111.658
2019-04-07,111.697,111.703,111.284,111.711
2019-04-08,111.45,111.564,110.99,111.456
2019-04-09,111.105,111.24,110.887,111.105
2019-04-10,110.991,111.521,110.991,110.985
2019-04-11,111.649,112.02,111.635,111.621
2019-04-14,112.035,112.083,111.888,112.028
2019-04-15,111.951,112.034,111.849,111.943
2019-04-16,111.987,112.158,111.926,111.993
2019-04-17,112.044,112.044,111.782,112.036
2019-04-18,111.986,112.003,111.897,111.989
2019-04-21,111.909,111.987,111.884,111.91
2019-04-22,111.933,112.024,111.664,111.929
2019-04-23,111.865,111.968,111.69,111.877
2019-04-24,112.14,112.226,111.401,112.13
2019-04-25,111.506,111.908,111.427,111.539
2019-04-28,111.601,111.883,111.575,111.593
2019-04-29,111.678,111.678,111.23,111.677
2019-04-30,111.404,111.544,111.136,111.395
2019-05-01,111.45,111.655,111.379,111.452
2019-05-02,111.487,111.622,111.15,111.495
2019-05-05,110.599,110.946,110.299,110.623
2019-05-06,110.805,110.805,110.33,110.805
2019-05-07,110.238,110.24,109.908,110.257
2019-05-08,110.022,110.066,109.476,110.028
2019-05-09,109.858,110.038,109.504,109.807
2019-05-12,109.637,109.797,109.029,109.654
2019-05-13,109.173,109.76,109.153,109.154
2019-05-14,109.681,109.696,109.161,109.671
2019-05-15,109.447,109.95,109.349,109.475
2019-05-16,109.851,110.003,109.508,109.871
2019-05-19,110.154,110.303,109.81,110.16
2019-05-20,110.101,110.648,110.058,110.07
2019-05-22,110.225,110.349,109.556,110.221
2019-05-23,109.556,109.724,109.28,109.558
2019-05-26,109.4,109.575,109.38,109.401
2019-05-27,109.503,109.622,109.21,109.509
2019-05-28,109.366,109.441,109.152,109.346
2019-05-29,109.555,109.921,109.488,109.542
2019-05-30,109.3,109.388,108.563,109.357
2019-06-02,108.227,108.431,108.067,108.212
2019-06-03,108.059,108.355,107.854,108.027
2019-06-04,108.229,108.354,107.82,108.254
2019-06-05,108.344,108.403,108.035,108.328
2019-06-06,108.457,108.604,107.898,108.454
2019-06-09,108.447,108.708,108.368,108.449
2019-06-10,108.367,108.797,108.359,108.359
2019-06-11,108.484,108.558,108.218,108.474
2019-06-12,108.505,108.522,108.165,108.488
2019-06-13,108.315,108.497,108.16,108.321
2019-06-16,108.562,108.723,108.528,108.576
2019-06-17,108.538,108.674,108.097,108.539
2019-06-18,108.58,108.606,108.25,108.573
2019-06-19,108.105,108.105,107.473,108.115
2019-06-20,107.295,107.723,107.046,107.277
2019-06-23,107.32,107.515,107.251,107.312
2019-06-24,107.349,107.404,106.783,107.327
2019-06-25,107.183,107.75,107.164,107.166
2019-06-26,107.734,108.153,107.654,107.738
2019-06-27,107.772,107.848,107.564,107.747
2019-06-30,108.367,108.528,108.108,108.382
2019-07-01,108.386,108.466,107.928,108.366
2019-07-02,107.823,107.862,107.526,107.805
2019-07-03,107.756,107.83,107.707,107.779
2019-07-04,107.814,108.613,107.809,107.808
2019-07-07,108.475,108.725,108.278,108.474
2019-07-08,108.732,108.958,108.716,108.721
2019-07-09,108.924,108.984,108.396,108.924
2019-07-10,108.332,108.346,107.859,108.334
2019-07-11,108.592,108.592,107.955,108.588
2019-07-14,107.828,108.096,107.808,107.832
2019-07-15,107.89,108.36,107.88,107.889
2019-07-16,108.211,108.318,108.068,108.201
2019-07-17,107.92,107.999,107.621,107.937
2019-07-18,107.41,107.783,107.338,107.401
2019-07-21,107.832,108.059,107.712,107.81
2019-07-22,107.882,108.275,107.838,107.904
2019-07-23,108.228,108.259,107.95,108.232
2019-07-24,108.179,108.582,108.04,108.189
2019-07-25,108.669,108.823,108.556,108.666
2019-07-28,108.627,108.891,108.427,108.633
2019-07-29,108.863,108.931,108.45,108.866
2019-07-30,108.553,108.647,108.495,108.562
2019-07-31,108.815,109.279,108.159,108.82
2019-08-01,107.401,107.482,106.553,107.431
2019-08-04,106.596,106.617,105.81,106.577
2019-08-05,105.623,107.046,105.572,105.593
2019-08-06,106.29,106.352,105.561,106.337
2019-08-07,106.125,106.287,105.913,106.121
2019-08-08,105.875,106.041,105.346,105.874
2019-08-11,105.4,105.559,105.049,105.382
2019-08-12,105.384,106.933,105.073,105.358
2019-08-13,106.589,106.599,105.708,106.59
2019-08-14,105.91,106.506,105.71,105.916
2019-08-15,106.092,106.477,106.026,106.083
2019-08-18,106.412,106.663,106.248,106.43
2019-08-19,106.568,106.684,106.184,106.574
2019-08-20,106.292,106.588,106.274,106.274
2019-08-21,106.6,106.647,106.27,106.597
2019-08-22,106.485,106.719,105.295,106.468
2019-08-25,104.871,106.287,104.871,104.852
2019-08-26,105.988,106.057,105.586,105.978
2019-08-27,105.747,105.934,105.654,105.738
2019-08-28,106.091,106.534,105.833,106.07
2019-08-29,106.466,106.537,106.116,106.438
2019-09-01,106.154,106.393,106.075,106.128
2019-09-02,106.194,106.378,105.75,106.193
2019-09-03,105.863,106.321,105.832,105.861
2019-09-04,106.343,107.193,106.336,106.325
2019-09-05,107.07,107.09,106.63,107.072
2019-09-08,106.941,107.168,106.77,106.945
2019-09-09,107.317,107.496,107.205,107.337
2019-09-10,107.582,107.847,107.559,107.6
2019-09-11,107.999,108.135,107.54,108.021
2019-09-12,108.178,108.255,107.92,108.176
2019-09-15,107.765,108.055,107.499,107.765
2019-09-16,108.145,108.34,108.027,108.161
2019-09-17,108.101,108.266,108.097,108.087
2019-09-18,108.435,108.464,107.802,108.425
2019-09-19,108.068,108.068,107.77,108.041
2019-09-22,107.635,107.763,107.31,107.652
2019-09-23,107.607,107.765,107.25,107.614
2019-09-24,107.177,107.791,107.005,107.163
2019-09-25,107.682,107.721,107.435,107.692
2019-09-26,107.744,108.173,107.656,107.756
2019-09-29,107.932,108.14,107.745,107.944
2019-09-30,108.058,108.448,107.67,108.069
2019-10-01,107.732,107.884,107.184,107.737
2019-10-02,107.15,107.291,106.506,107.163
2019-10-03,106.823,107.114,106.657,106.826
2019-10-06,106.763,107.068,106.689,106.764
2019-10-07,107.256,107.436,106.811,107.251
2019-10-08,106.951,107.453,106.951,106.961
2019-10-09,107.223,107.972,107.182,107.178
2019-10-10,107.852,108.608,107.852,107.88
2019-10-13,108.459,108.459,108.051,108.459
2019-10-14,108.376,108.88,108.156,108.388
2019-10-15,108.817,108.84,108.605,108.817
2019-10-16,108.675,108.918,108.512,108.677
2019-10-17,108.591,108.717,108.42,108.581
2019-10-20,108.405,108.66,108.369,108.408
2019-10-21,108.603,108.717,108.466,108.601
2019-10-22,108.473,108.663,108.253,108.483
2019-10-23,108.612,108.742,108.502,108.642
2019-10-24,108.612,108.758,108.516,108.606
2019-10-28,108.726,109.031,108.658,108.734
2019-10-29,108.969,109.043,108.802,108.964
2019-10-30,108.886,108.969,108.811,108.874
2019-10-31,108.794,108.855,108.054,108.789
2019-11-01,108.017,108.236,107.912,107.996
2019-11-04,108.21,108.609,108.205,108.22
2019-11-05,108.698,109.19,108.651,108.694
2019-11-06,109.132,109.174,108.829,109.146
2019-11-07,108.914,109.426,108.657,108.913
2019-11-08,109.272,109.463,109.083,109.274
2019-11-11,109.211,109.238,108.905,109.226
2019-11-12,109.047,109.288,108.986,109.042
2019-11-13,108.997,109.141,108.677,108.993
2019-11-14,108.787,108.857,108.274,108.798
2019-11-15,108.486,108.852,108.453,108.492
2019-11-18,108.703,109.063,108.516,108.699
2019-11-19,108.681,108.83,108.452,108.662
2019-11-20,108.485,108.721,108.358,108.445
2019-11-21,108.486,108.664,108.278,108.478
2019-11-22,108.579,108.717,108.477,108.585
2019-11-25,108.729,108.956,108.699,108.73
2019-11-26,108.993,109.171,108.877,108.992
2019-11-27,109.084,109.393,109.06,109.097
2019-11-28,109.376,109.543,109.343,109.367
2019-11-29,109.517,109.662,109.425,109.512
2019-12-02,109.532,109.72,108.999,109.535
2019-12-03,109.014,109.204,108.5,109.022
2019-12-04,108.67,108.89,108.43,108.653
2019-12-05,108.838,108.987,108.671,108.832
2019-12-06,108.754,108.908,108.548,108.738
2019-12-09,108.615,108.626,108.428,108.627
2019-12-10,108.599,108.751,108.52,108.582
2019-12-11,108.771,108.783,108.637,108.764
2019-12-12,108.541,109.299,108.457,108.549
2019-12-13,109.414,109.696,109.209,109.413
2019-12-16,109.38,109.669,109.354,109.4
2019-12-17,109.572,109.628,109.463,109.576
2019-12-18,109.523,109.622,109.398,109.516
2019-12-19,109.545,109.67,109.215,109.551
2019-12-20,109.391,109.49,109.259,109.383
2019-12-23,109.493,109.493,109.338,109.499
2019-12-24,109.383,109.428,109.323,109.382
2019-12-25,109.38,109.782,109.31,109.383
2019-12-26,109.373,109.682,109.367,109.369
2019-12-27,109.538,109.586,109.426,109.542
2019-12-30,109.438,109.438,108.773,109.428
2019-12-31,108.868,108.868,108.469,108.873
2020-01-01,108.68,111.41,108.63,108.681
2020-01-02,108.714,108.86,108.221,108.713
2020-01-03,108.54,108.551,107.915,108.543
2020-01-06,107.999,108.41,107.922,107.964
2020-01-07,108.411,108.617,108.261,108.406
2020-01-08,107.978,109.089,107.657,108.016
2020-01-09,109.049,109.576,109.049,109.031
2020-01-10,109.499,109.675,109.456,109.507
2020-01-13,109.534,109.935,109.532,109.566
2020-01-14,110,110.171,109.891,109.992
2020-01-15,109.874,109.996,109.792,109.854
2020-01-16,109.876,110.17,109.876,109.883
2020-01-17,110.169,110.275,110.058,110.175
2020-01-20,110.195,110.213,110.114,110.18
2020-01-21,110.179,110.218,109.862,110.173
2020-01-22,109.919,110.077,109.837,109.908
2020-01-23,109.736,109.75,109.269,109.728
2020-01-24,109.565,109.646,109.305,109.552
2020-01-27,108.814,109.132,108.814,108.802
2020-01-28,108.929,109.188,108.762,108.92
2020-01-29,109.13,109.226,108.994,109.132
2020-01-30,108.996,109.038,108.657,108.987
2020-01-31,108.909,109.115,108.341,108.877
2020-02-03,108.381,108.796,108.366,108.372
2020-02-04,108.61,109.438,108.558,108.612
2020-02-05,109.444,109.834,109.312,109.447
2020-02-06,109.804,109.98,109.781,109.814
2020-02-07,109.955,109.979,109.531,109.968
2020-02-10,109.629,109.87,109.611,109.645
2020-02-11,109.758,109.954,109.742,109.766
2020-02-12,109.837,110.121,109.79,109.843
2020-02-13,109.857,109.977,109.628,109.846
2020-02-14,109.786,109.908,109.705,109.758
2020-02-17,109.777,109.954,109.721,109.791
2020-02-18,109.829,109.94,109.656,109.83
2020-02-19,109.928,111.302,109.866,109.919
2020-02-20,111.202,112.186,111.113,111.21
2020-02-21,111.967,112.168,111.517,111.954
2020-02-24,111.555,111.657,110.51,111.557
2020-02-25,110.867,111.035,110.039,110.857
2020-02-26,110.279,110.689,110.148,110.286
2020-02-27,110.358,110.388,109.707,110.363
2020-02-28,109.658,109.658,107.778,109.66
2020-03-02,107.752,108.558,107.415,107.697
2020-03-03,108.447,108.447,107.221,108.487
2020-03-04,107.069,107.671,107.048,107.037
2020-03-05,107.653,107.653,106.508,107.677
2020-03-06,106.261,106.336,104.996,106.248
2020-03-09,103.973,104.257,101.283,103.938
2020-03-10,103.108,105.189,102.739,103.112
2020-03-11,105.071,105.281,104.119,105.026
2020-03-12,104.64,105.716,103.138,104.55
2020-03-13,104.709,107.471,104.691,104.61
2020-03-16,106.579,107.529,105.147,106.688
2020-03-17,106.259,107.561,106.079,106.175
2020-03-18,107.342,108.488,106.759,107.377
2020-03-19,108.413,110.139,108.197,108.36
2020-03-20,111.3,111.337,109.376,111.291
2020-03-23,110.404,111.349,109.681,110.462
2020-03-24,110.864,111.487,110.114,110.827
2020-03-25,111.115,111.668,110.752,111.12
2020-03-26,110.858,110.934,109.361,110.876
2020-03-27,109.136,109.364,107.884,109.109
2020-03-29,107.439,108.287,107.153,107.413
2020-03-30,108.056,108.712,107.465,108.035
2020-03-31,107.457,107.897,107.029,107.508
2020-04-01,107.286,107.978,107.034,107.257
2020-04-02,108.047,108.672,107.813,108.001
2020-04-05,108.679,109.353,108.679,108.693
2020-04-06,109.086,109.127,108.676,109.115
2020-04-07,108.665,109.074,108.513,108.651
2020-04-08,108.899,109.058,108.36,108.922
2020-04-09,108.551,108.564,108.329,108.561
2020-04-12,108.35,108.371,107.563,108.336
2020-04-13,107.632,107.749,107.073,107.623
2020-04-14,107.104,107.837,106.93,107.104
2020-04-15,107.616,108.077,107.186,107.609
2020-04-16,107.934,107.943,107.306,107.945
2020-04-19,107.689,107.946,107.602,107.67
2020-04-20,107.671,107.812,107.296,107.669
2020-04-21,107.75,107.931,107.526,107.721
2020-04-22,107.812,107.97,107.35,107.813
2020-04-23,107.649,107.75,107.413,107.667
2020-04-26,107.504,107.616,107,107.495
2020-04-27,107.286,107.334,106.562,107.283
2020-04-28,106.752,106.758,106.364,106.741
2020-04-29,106.601,107.108,106.416,106.61
2020-04-30,107.305,107.399,106.61,107.285
2020-05-03,106.751,107.055,106.672,106.738
2020-05-04,106.683,106.889,106.484,106.697
2020-05-05,106.431,106.431,106.024,106.452
2020-05-06,106.21,106.646,106.139,106.191
2020-05-07,106.39,106.72,106.233,106.359
2020-05-10,106.905,107.728,106.775,106.919
2020-05-11,107.588,107.673,107.216,107.566
2020-05-12,107.163,107.251,106.762,107.138
2020-05-13,106.914,107.164,106.785,106.933
2020-05-14,107.361,107.432,106.876,107.365
2020-05-17,107.229,107.495,107.067,107.208
2020-05-18,107.377,108.074,107.305,107.381
2020-05-19,107.819,107.975,107.346,107.81
2020-05-20,107.599,107.847,107.575,107.591
2020-05-21,107.634,107.76,107.334,107.631
2020-05-24,107.74,107.772,107.63,107.735
2020-05-25,107.69,107.916,107.403,107.687
2020-05-26,107.489,107.932,107.372,107.491
2020-05-27,107.803,107.896,107.579,107.798
2020-05-28,107.626,107.812,107.09,107.643
2020-05-31,107.714,107.85,107.394,107.708
2020-06-01,107.546,108.658,107.517,107.548
2020-06-02,108.818,108.974,108.421,108.809
2020-06-03,108.981,109.153,108.619,108.999
2020-06-04,109.12,109.846,109.048,109.15
2020-06-07,109.59,109.6,108.413,109.634
2020-06-08,108.369,108.369,107.646,108.409
2020-06-09,107.817,107.867,107.177,107.797
2020-06-10,107.015,107.227,106.598,106.981
2020-06-11,106.822,107.551,106.601,106.803
2020-06-14,107.307,107.477,107,107.311
2020-06-15,107.465,107.62,107.24,107.464
2020-06-16,107.38,107.437,107.163,107.41
2020-06-17,106.863,107.123,106.666,106.894
2020-06-18,106.992,107.04,106.772,107.006
2020-06-21,106.818,106.998,106.783,106.831
2020-06-22,106.886,107.217,106.082,106.903
2020-06-23,106.413,106.976,106.384,106.432
2020-06-24,107.032,107.445,107.03,107.044
2020-06-25,107.153,107.349,106.798,107.155
2020-06-28,107.222,107.88,107.051,107.218
2020-06-29,107.601,107.922,107.53,107.59
2020-06-30,107.985,108.158,107.368,107.989
2020-07-01,107.358,107.717,107.347,107.366
2020-07-02,107.509,107.566,107.439,107.497
2020-07-05,107.579,107.77,107.434,107.579
2020-07-06,107.353,107.788,107.23,107.359
2020-07-07,107.574,107.705,107.387,107.578
2020-07-08,107.265,107.392,107.103,107.283
2020-07-09,107.233,107.262,106.665,107.236
2020-07-12,106.912,107.311,106.788,106.91
2020-07-13,107.29,107.412,107.12,107.276
2020-07-14,107.245,107.305,106.663,107.245
2020-07-15,106.884,107.197,106.838,106.917
2020-07-16,107.288,107.353,107.06,107.278
2020-07-19,107.077,107.5,107.037,107.09
2020-07-20,107.171,107.364,106.805,107.196
2020-07-21,106.814,107.202,106.718,106.832
2020-07-22,107.166,107.216,106.833,107.175
2020-07-23,106.836,106.836,105.759,106.838
2020-07-26,105.956,106.047,105.121,105.993
2020-07-27,105.291,105.679,104.958,105.261
2020-07-28,105.11,105.228,104.8,105.107
2020-07-29,105.016,105.288,104.912,105.032
2020-07-30,104.667,105.796,104.199,104.683
2020-08-02,105.845,106.429,105.579,105.866
2020-08-03,106.047,106.192,105.727,106.03
2020-08-04,105.597,105.864,105.328,105.614
2020-08-05,105.55,105.691,105.302,105.553
2020-08-06,105.561,106.042,105.48,105.581
2020-08-09,105.852,106.194,105.71,105.85
2020-08-10,105.998,106.571,105.944,105.992
2020-08-11,106.458,106.998,106.458,106.521
2020-08-12,106.812,106.991,106.57,106.822
2020-08-13,106.965,107.027,106.446,106.986
2020-08-16,106.569,106.638,105.953,106.554
2020-08-17,105.986,105.986,105.294,105.995
2020-08-18,105.222,105.759,105.114,105.224
2020-08-19,106.09,106.198,105.772,106.079
2020-08-20,105.669,106.069,105.453,105.665
2020-08-23,105.903,105.939,105.69,105.877
2020-08-24,105.992,106.564,105.881,105.993
2020-08-25,106.422,106.551,106.063,106.405
2020-08-26,105.871,106.552,105.623,105.856
2020-08-27,106.659,106.938,105.203,106.637
2020-08-30,105.524,106.081,105.307,105.535
2020-08-31,105.99,106.136,105.599,106.004
2020-09-01,105.864,106.297,105.864,105.896
2020-09-02,106.201,106.536,106.043,106.208
2020-09-03,106.091,106.495,106.091,106.086
2020-09-06,106.292,106.371,106.135,106.311
2020-09-07,106.294,106.378,105.9,106.305
2020-09-08,105.96,106.256,105.813,105.968
2020-09-09,106.238,106.283,105.988,106.231
2020-09-10,106.145,106.244,106.08,106.143
2020-09-13,106.127,106.163,105.552,106.145
2020-09-14,105.744,105.815,105.3,105.715
2020-09-15,105.381,105.396,104.808,105.381
2020-09-16,105.049,105.164,104.524,105.062
2020-09-17,104.689,104.859,104.273,104.698
2020-09-20,104.534,104.762,104.008,104.537
2020-09-21,104.719,105.066,104.411,104.69
2020-09-22,105.069,105.373,104.91,105.034
2020-09-23,105.325,105.52,105.215,105.304
2020-09-24,105.436,105.698,105.247,105.435
2020-09-27,105.584,105.659,105.264,105.574
2020-09-28,105.439,105.722,105.348,105.433
2020-09-29,105.664,105.796,105.409,105.664
2020-09-30,105.449,105.722,105.418,105.451
2020-10-01,105.564,105.665,104.962,105.543
2020-10-04,105.535,105.753,105.41,105.51
2020-10-05,105.725,105.738,105.51,105.707
2020-10-06,105.638,106.105,105.627,105.64
2020-10-07,105.973,106.083,105.923,105.965
2020-10-08,106.021,106.021,105.608,106.018
2020-10-11,105.638,105.651,105.244,105.632
2020-10-12,105.348,105.626,105.288,105.339
2020-10-13,105.474,105.511,105.038,105.47
2020-10-14,105.139,105.388,105.112,105.139
2020-10-15,105.355,105.437,105.19,105.36
2020-10-18,105.438,105.497,105.305,105.427
2020-10-19,105.47,105.745,105.47,105.47
2020-10-20,105.475,105.475,104.35,105.477
2020-10-21,104.651,104.88,104.46,104.676
2020-10-22,104.907,104.907,104.55,104.921
2020-10-26,104.707,105.039,104.649,104.683
2020-10-27,104.806,104.83,104.393,104.832
2020-10-28,104.541,104.542,104.115,104.545
2020-10-29,104.319,104.702,104.03,104.315
2020-10-30,104.558,104.721,104.139,104.554
2020-11-02,104.612,104.943,104.612,104.58
2020-11-03,104.724,104.801,104.437,104.725
2020-11-04,104.506,105.341,104.161,104.546
2020-11-05,104.436,104.45,103.574,104.438
2020-11-06,103.596,103.758,103.184,103.603
2020-11-09,103.24,105.636,103.24,103.253
2020-11-10,105.162,105.478,104.822,105.137
2020-11-11,105.263,105.66,105.012,105.26
2020-11-12,105.424,105.471,105.103,105.415
2020-11-13,105.085,105.145,104.611,105.09
2020-11-16,104.666,105.095,104.365,104.676
2020-11-17,104.495,104.564,104.074,104.541
2020-11-18,104.153,104.153,103.664,104.181
2020-11-19,103.904,104.204,103.719,103.894
2020-11-20,103.793,103.905,103.706,103.825
2020-11-23,103.824,104.624,103.687,103.817
2020-11-24,104.557,104.745,104.149,104.525
2020-11-25,104.506,104.585,104.268,104.513
2020-11-26,104.379,104.392,104.226,104.4
2020-11-27,104.264,104.267,103.907,104.242
2020-11-30,104.101,104.384,103.83,104.082
2020-12-01,104.301,104.573,104.186,104.299
2020-12-02,104.289,104.747,104.225,104.309
2020-12-03,104.456,104.533,103.675,104.458
2020-12-04,103.824,104.242,103.738,103.823
2020-12-07,104.201,104.31,103.924,104.198
2020-12-08,104.008,104.192,103.96,103.998
2020-12-09,104.133,104.301,104.053,104.135
2020-12-10,104.287,104.574,104.232,104.272
2020-12-11,104.168,104.168,103.826,104.182
2020-12-14,103.962,104.083,103.514,103.939
2020-12-15,104.012,104.147,103.681,104.01
2020-12-16,103.651,103.71,103.262,103.634
2020-12-17,103.464,103.549,102.894,103.475
2020-12-18,103.149,103.59,103.129,103.131
2020-12-21,103.473,103.885,103.257,103.457
2020-12-22,103.337,103.722,103.279,103.34
2020-12-23,103.527,103.635,103.363,103.534
2020-12-24,103.525,103.756,103.5,103.552
2020-12-25,103.621,103.655,103.214,103.653
2020-12-28,103.526,103.894,103.4,103.533
2020-12-29,103.691,103.791,103.466,103.689
2020-12-30,103.552,103.57,102.963,103.559
2020-12-31,103.134,103.279,103.003,103.121
2021-01-01,103.226,103.25,103.226,103.226
2021-01-04,103.244,103.244,102.71,103.239
2021-01-05,103.142,103.18,102.672,103.125
2021-01-06,102.7,103.431,102.59,102.678
2021-01-07,103.028,103.951,102.956,103.024
2021-01-08,103.795,104.078,103.617,103.79
2021-01-11,104.073,104.389,104.037,104.091
2021-01-12,104.132,104.319,104.09,104.128
2021-01-13,103.748,103.988,103.54,103.752
2021-01-14,103.845,104.188,103.642,103.837
2021-01-15,103.837,103.885,103.62,103.828
2021-01-18,103.912,103.923,103.639,103.908
2021-01-19,103.696,104.082,103.65,103.703
2021-01-20,103.898,103.918,103.463,103.897
2021-01-21,103.557,103.659,103.326,103.555
2021-01-22,103.512,103.882,103.495,103.506
2021-01-25,103.787,103.931,103.677,103.777
2021-01-26,103.762,103.827,103.555,103.76
2021-01-27,103.603,104.168,103.593,103.603
2021-01-28,104.136,104.452,104.136,104.143
2021-01-29,104.312,104.935,104.289,104.291
2021-02-01,104.719,104.99,104.624,104.686
2021-02-02,104.878,105.162,104.823,104.881
2021-02-03,105.022,105.097,104.924,105.028
2021-02-04,104.995,105.491,104.973,104.995
2021-02-05,105.568,105.763,105.331,105.572
2021-02-08,105.397,105.666,105.158,105.4
2021-02-09,105.227,105.227,104.512,105.21
2021-02-10,104.582,104.837,104.418,104.575
2021-02-11,104.619,104.78,104.552,104.615
2021-02-12,104.755,105.17,104.72,104.741
2021-02-15,105.061,105.405,104.983,105.059
2021-02-16,105.385,105.868,105.199,105.387
2021-02-17,106.129,106.205,105.82,106.103
2021-02-18,105.856,105.918,105.599,105.861
2021-02-19,105.668,105.727,105.25,105.652
2021-02-22,105.543,105.836,105,105.514
2021-02-23,105.012,105.411,104.9,104.984
2021-02-24,105.287,106.094,105.268,105.283
2021-02-25,105.946,106.286,105.855,105.944
2021-02-26,106.39,106.682,105.857,106.379
2021-03-01,106.474,106.773,106.376,106.503
2021-03-02,106.846,106.95,106.688,106.851
2021-03-03,106.754,107.139,106.701,106.758
2021-03-04,107.059,107.635,106.97,107.058
2021-03-05,107.961,108.609,107.826,107.955
2021-03-08,108.396,108.94,108.314,108.419
2021-03-09,108.926,109.229,108.56,108.939
2021-03-10,108.564,108.92,108.339,108.577
2021-03-11,108.436,108.802,108.363,108.432
2021-03-12,108.574,109.148,108.519,108.555
2021-03-15,109.114,109.356,108.931,109.117
2021-03-16,109.119,109.276,108.783,109.134
2021-03-17,109.023,109.276,109.014,109.029
2021-03-18,108.91,109.284,108.693,108.891
2021-03-19,108.932,109.101,108.612,108.931
2021-03-22,108.878,108.948,108.621,108.871
2021-03-23,108.777,108.869,108.415,108.776
2021-03-24,108.523,108.941,108.455,108.52
2021-03-25,108.784,109.189,108.784,108.79
2021-03-26,109.182,109.834,109.139,109.179
2021-03-28,109.778,109.779,109.384,109.791
2021-03-29,109.83,110.419,109.788,109.836
2021-03-30,110.293,110.953,110.278,110.305
2021-03-31,110.738,110.845,110.563,110.75
2021-04-01,110.62,110.744,110.382,110.613
2021-04-04,110.67,110.712,109.957,110.677
2021-04-05,110.194,110.548,109.689,110.193
2021-04-06,109.783,109.935,109.592,109.793
2021-04-07,109.878,109.894,109.001,109.852
2021-04-08,109.325,109.952,109.222,109.33
2021-04-11,109.719,109.761,109.247,109.694
2021-04-12,109.38,109.747,109.043,109.374
2021-04-13,108.917,109.08,108.765,108.924
2021-04-14,108.886,108.951,108.625,108.894
2021-04-15,108.655,108.961,108.625,108.689
2021-04-18,108.694,108.755,108.007,108.719
2021-04-19,108.105,108.522,107.98,108.098
2021-04-20,108.132,108.27,107.892,108.133
2021-04-21,108.027,108.186,107.824,108.039
2021-04-22,107.936,108.123,107.47,107.978
2021-04-25,107.881,108.187,107.652,107.874
2021-04-26,108.188,108.57,108.101,108.202
2021-04-27,108.738,109.07,108.713,108.75
2021-04-28,108.505,109.219,108.438,108.505
2021-04-29,108.915,109.333,108.713,108.904
2021-05-02,109.299,109.693,108.906,109.283
2021-05-03,109.086,109.481,109.047,109.087
2021-05-04,109.326,109.463,109.152,109.329
2021-05-05,109.189,109.419,109.046,109.219
2021-05-06,109.014,109.278,108.347,109.05
2021-05-09,108.6,109.045,108.588,108.572
2021-05-10,108.835,108.966,108.379,108.844
2021-05-11,108.719,109.536,108.664,108.715
2021-05-12,109.723,109.777,109.476,109.664
2021-05-13,109.519,109.644,109.23,109.516
2021-05-16,109.412,109.496,109.07,109.412
2021-05-17,109.276,109.276,108.844,109.242
2021-05-18,108.857,109.323,108.584,108.868
2021-05-19,109.261,109.283,108.753,109.273
2021-05-20,108.831,108.974,108.609,108.86
2021-05-23,108.915,108.983,108.698,108.919
2021-05-24,108.824,109.056,108.579,108.851
2021-05-25,108.791,109.137,108.724,108.802
2021-05-26,109.189,109.842,109.041,109.17
2021-05-27,109.842,110.196,109.794,109.809
2021-05-30,109.919,109.928,109.366,109.907
2021-05-31,109.478,109.693,109.333,109.493
2021-06-01,109.483,109.883,109.483,109.493
2021-06-02,109.593,110.31,109.583,109.595
2021-06-03,110.286,110.323,109.371,110.266
2021-06-06,109.632,109.632,109.185,109.617
2021-06-07,109.288,109.553,109.205,109.274
2021-06-08,109.488,109.637,109.234,109.469
2021-06-09,109.652,109.783,109.43,109.61
2021-06-10,109.393,109.836,109.324,109.409
2021-06-13,109.744,109.997,109.611,109.709
2021-06-14,110.025,110.162,109.99,110.041
2021-06-15,110.075,110.136,109.812,110.084
2021-06-16,110.78,110.817,110.211,110.77
2021-06-17,110.308,110.475,109.947,110.325
2021-06-20,110.192,110.328,109.736,110.201
2021-06-21,110.385,110.788,110.221,110.374
2021-06-22,110.685,111.091,110.685,110.654
2021-06-23,110.986,111.095,110.71,111.012
2021-06-24,110.917,110.975,110.482,110.921
2021-06-27,110.804,110.971,110.507,110.822
2021-06-28,110.604,110.746,110.442,110.603
2021-06-29,110.524,111.065,110.429,110.535
2021-06-30,111.129,111.622,111.026,111.124
2021-07-01,111.584,111.656,111.155,111.572
2021-07-04,111.14,111.184,110.798,111.135
2021-07-05,110.907,110.912,110.526,110.916
2021-07-06,110.57,110.807,110.402,110.602
2021-07-07,110.622,110.622,109.535,110.635
2021-07-08,109.788,110.246,109.767,109.801
2021-07-11,110.208,110.389,109.982,110.215
2021-07-12,110.328,110.55,110.202,110.325
2021-07-13,110.596,110.694,109.985,110.595
2021-07-14,109.994,110.082,109.716,109.984
2021-07-15,109.757,110.336,109.733,109.778
2021-07-18,109.904,110.025,109.086,109.874
2021-07-19,109.527,109.954,109.334,109.534
2021-07-20,109.926,110.383,109.807,109.92
2021-07-21,110.239,110.348,110.024,110.255
2021-07-22,110.129,110.583,110.115,110.14
2021-07-25,110.543,110.58,110.126,110.544
2021-07-26,110.307,110.319,109.625,110.302
2021-07-27,109.784,110.216,109.747,109.806
2021-07-28,109.879,109.889,109.471,109.891
2021-07-29,109.391,109.793,109.367,109.409
2021-08-01,109.694,109.744,109.196,109.706
2021-08-02,109.272,109.331,108.878,109.269
2021-08-03,108.986,109.646,108.729,108.991
2021-08-04,109.535,109.778,109.408,109.529
2021-08-05,109.751,110.345,109.702,109.752
2021-08-08,110.261,110.311,110.028,110.259
2021-08-09,110.318,110.586,110.303,110.306
2021-08-10,110.599,110.803,110.387,110.598
2021-08-11,110.365,110.526,110.316,110.374
2021-08-12,110.412,110.455,109.735,110.403
2021-08-15,109.594,109.594,109.113,109.624
2021-08-16,109.302,109.648,109.138,109.297
2021-08-17,109.541,109.944,109.483,109.537
2021-08-18,109.852,110.21,109.493,109.842
2021-08-19,109.782,109.885,109.578,109.768
2021-08-22,109.864,110.14,109.73,109.84
2021-08-23,109.672,109.877,109.422,109.678
2021-08-24,109.742,110.1,109.685,109.73
2021-08-25,109.997,110.222,109.926,109.976
2021-08-26,110.038,110.257,109.836,110.048
2021-08-29,109.841,109.956,109.706,109.865
2021-08-30,109.939,110.067,109.603,109.944
2021-08-31,110.062,110.41,109.883,110.056
2021-09-01,110.106,110.106,109.928,110.096
2021-09-02,109.945,110.066,109.604,109.945
2021-09-05,109.778,109.931,109.749,109.764
2021-09-06,109.819,110.251,109.687,109.82
2021-09-07,110.289,110.44,110.14,110.296
2021-09-08,110.22,110.268,109.753,110.218
2021-09-09,109.774,109.984,109.701,109.781
2021-09-12,109.909,110.156,109.899,109.915
2021-09-13,109.991,110.144,109.619,109.994
2021-09-14,109.712,109.717,109.114,109.719
2021-09-15,109.391,109.824,109.215,109.383
2021-09-16,109.686,110.072,109.668,109.699
2021-09-19,109.98,110.033,109.43,109.971
2021-09-20,109.434,109.695,109.19,109.437
2021-09-21,109.154,109.64,109.13,109.149
2021-09-22,109.809,110.195,109.792,109.822
2021-09-23,110.323,110.739,110.311,110.326
2021-09-26,110.75,111.055,110.534,110.764
2021-09-27,110.962,111.629,110.937,110.964
2021-09-28,111.513,111.917,111.219,111.528
2021-09-29,111.922,112.068,111.414,111.936
2021-09-30,111.464,111.48,110.912,111.461
2021-10-03,110.963,111.298,110.842,110.947
2021-10-04,110.969,111.553,110.876,110.968
2021-10-05,111.52,111.773,111.205,111.487
2021-10-06,111.407,111.546,111.243,111.413
2021-10-07,111.673,112.177,111.522,111.662
2021-10-10,112.272,113.384,112.183,112.27
2021-10-11,113.411,113.777,113.017,113.388
2021-10-12,113.536,113.788,113.248,113.519
2021-10-13,113.296,113.707,113.278,113.301
2021-10-14,113.836,114.447,113.816,113.834
2021-10-17,114.309,114.436,114.02,114.324
2021-10-18,114.291,114.346,113.883,114.285
2021-10-19,114.527,114.685,114.141,114.543
2021-10-20,114.383,114.39,113.672,114.389
2021-10-21,113.848,114.185,113.515,113.85
2021-10-24,113.638,113.896,113.49,113.664
2021-10-25,113.756,114.298,113.725,113.765
2021-10-26,114.178,114.215,113.417,114.188
2021-10-27,113.771,113.856,113.255,113.776
2021-10-28,113.644,114.086,113.395,113.616
2021-11-01,114.218,114.434,114.03,114.236
2021-11-02,114.084,114.134,113.466,114.094
2021-11-03,113.967,114.142,113.722,113.962
2021-11-04,114.066,114.273,113.527,114.07
2021-11-05,113.825,114,113.428,113.837
2021-11-08,113.463,113.662,113.082,113.475
2021-11-09,113.243,113.253,112.731,113.254
2021-11-10,112.913,113.936,112.774,112.912
2021-11-11,113.929,114.127,113.814,113.905
2021-11-12,114.048,114.298,113.771,114.043
2021-11-15,113.991,114.041,113.76,113.981
2021-11-16,114.131,114.631,114.11,114.132
2021-11-17,114.916,114.942,114.33,114.904
2021-11-18,114.21,114.475,113.884,114.19
2021-11-19,114.32,114.521,113.604,114.282
2021-11-22,114.139,114.807,114.019,114.138
2021-11-23,114.802,115.146,114.55,114.79
2021-11-24,115.157,115.476,114.829,115.141
2021-11-25,115.414,115.436,115.236,115.408
2021-11-26,115.102,115.102,113.056,115.069
2021-11-29,113.705,113.934,113.035,113.719
2021-11-30,113.807,113.885,112.543,113.804
2021-12-01,113.263,113.613,112.774,113.299
2021-12-02,112.863,113.309,112.714,112.882
2021-12-03,113.026,113.606,112.86,113.022
2021-12-06,113.011,113.482,112.856,113.042
2021-12-07,113.486,113.773,113.41,113.458
2021-12-08,113.516,113.93,113.324,113.525
2021-12-09,113.714,113.806,113.284,113.684
2021-12-10,113.438,113.786,113.237,113.448
2021-12-13,113.51,113.721,113.386,113.501
2021-12-14,113.574,113.749,113.439,113.577
2021-12-15,113.739,113.897,113.631,113.743
2021-12-16,114.156,114.245,113.564,114.136
2021-12-17,113.68,113.845,113.151,113.663
2021-12-20,113.551,113.685,113.331,113.518
2021-12-21,113.659,114.163,113.567,113.662
2021-12-22,114.015,114.362,114.001,113.994
2021-12-23,114.124,114.441,114.107,114.121
2021-12-24,114.457,114.505,114.299,114.458
2021-12-27,114.338,114.901,114.319,114.333
2021-12-28,114.788,114.934,114.709,114.792
2021-12-29,114.767,115.032,114.673,114.773
2021-12-30,114.957,115.2,114.947,114.948
2021-12-31,115.059,115.192,115.005,115.063
2022-01-03,115.136,115.36,114.974,115.142
2022-01-04,115.316,116.34,115.299,115.328
2022-01-05,116.165,116.235,115.627,116.174
2022-01-06,116.129,116.179,115.654,116.128
2022-01-07,115.87,116.03,115.591,115.865
2022-01-10,115.622,115.842,115.045,115.618
2022-01-11,115.283,115.676,115.137,115.278
2022-01-12,115.331,115.459,114.715,115.331
2022-01-13,114.67,114.692,114.006,114.675
2022-01-14,114.101,114.171,113.505,114.118
2022-01-17,114.306,114.636,114.284,114.306
2022-01-18,114.571,115.031,114.45,114.571
2022-01-19,114.556,114.768,114.221,114.554
2022-01-20,114.347,114.531,113.978,114.347
2022-01-21,113.946,114.018,113.619,113.993
2022-01-24,113.786,113.99,113.489,113.785
2022-01-25,114.015,114.144,113.675,114.011
2022-01-26,113.891,114.377,113.788,113.875
2022-01-27,114.717,115.481,114.486,114.721
2022-01-28,115.368,115.67,115.137,115.352
2022-01-31,115.239,115.577,115.176,115.262
2022-02-01,115.144,115.192,114.568,115.121
2022-02-02,114.725,114.796,114.193,114.736
2022-02-03,114.368,114.969,114.326,114.382
2022-02-04,114.969,115.426,114.781,114.957
2022-02-07,115.246,115.373,114.919,115.224
2022-02-08,115.066,115.618,115.066,115.063
2022-02-09,115.542,115.583,115.319,115.531
2022-02-10,115.6,116.324,115.485,115.602
2022-02-11,116.049,116.166,115.776,116.047
2022-02-14,115.559,115.724,115.02,115.584
2022-02-15,115.542,115.869,115.256,115.536
2022-02-16,115.64,115.774,115.391,115.635
2022-02-17,115.394,115.528,114.861,115.387
2022-02-18,114.856,115.264,114.787,114.866
2022-02-21,114.956,115.106,114.799,114.961
2022-02-22,114.583,115.232,114.526,114.609
2022-02-23,115.102,115.185,114.967,115.096
2022-02-24,114.916,115.626,114.414,114.898
2022-02-25,115.547,115.631,115.152,115.571
2022-02-28,115.588,115.647,115.093,115.585
2022-03-01,115.082,115.265,114.719,115.078
2022-03-02,114.815,115.68,114.795,114.833
2022-03-03,115.497,115.8,115.495,115.519
2022-03-04,115.48,115.533,114.651,115.474
2022-03-07,114.937,115.471,114.842,114.95
2022-03-08,115.369,115.776,115.332,115.373
2022-03-09,115.742,115.941,115.579,115.722
2022-03-10,115.911,116.19,115.82,115.909
2022-03-11,116.159,117.164,116.15,116.179
2022-03-14,117.504,118.059,117.467,117.529
2022-03-15,118.218,118.434,117.745,118.218
2022-03-16,118.312,118.501,118.172,118.292
2022-03-17,118.891,118.998,118.422,118.87
2022-03-18,118.485,119.389,118.485,118.486
2022-03-21,119.261,119.293,119.1,119.263
2022-03-22,119.594,120.976,119.594,119.594
2022-03-23,121.265,121.299,120.628,121.34
2022-03-24,121.138,122.103,120.98,121.127
2022-03-25,122.35,122.35,121.217,122.346
2022-03-27,122.27,125.055,122.159,122.27
2022-03-28,123.66,124.209,122.058,123.66
2022-03-29,123.125,123.023,121.316,123.125
2022-03-30,122.021,122.416,121.291,122.021
2022-03-31,121.756,122.997,121.743,121.756
2022-04-03,122.61,122.928,122.288,122.61
2022-04-04,122.809,123.499,122.42,122.809
2022-04-05,123.656,124.044,123.588,123.656
2022-04-06,123.723,123.995,123.508,123.723
2022-04-07,124.096,124.65,123.683,124.096
2022-04-10,124.385,125.761,124.302,124.385
2022-04-11,125.472,125.743,124.873,125.472
2022-04-12,125.416,126.297,125.371,125.416
2022-04-13,125.377,125.988,125.131,125.377
2022-04-14,126.179,126.671,126.069,126.179
2022-04-17,126.618,126.79,126.263,126.618
2022-04-18,127.098,128.861,127.039,127.098
2022-04-19,129.333,129.374,127.511,129.333
2022-04-20,128.013,128.696,127.827,128.013
2022-04-21,128.408,129.059,127.807,128.408
2022-04-24,128.605,128.822,127.525,128.605
2022-04-25,127.744,128.188,127.044,127.744
2022-04-26,127.266,128.578,127.259,127.266
2022-04-27,128.394,131.221,128.368,128.394
2022-04-28,130.811,130.81,129.46,130.811
2022-05-01,130.011,130.471,129.616,130.011
2022-05-02,130.112,130.28,129.719,130.112
2022-05-03,130.116,130.198,129.803,130.116
2022-05-04,129.223,130.432,128.775,129.223
2022-05-05,130.33,130.805,130.221,130.33
2022-05-08,130.749,131.325,130.15,130.749
2022-05-09,130.377,130.528,129.815,130.377
2022-05-10,130.351,130.783,129.612,130.351
2022-05-11,129.835,129.898,127.585,129.835
2022-05-12,128.588,129.437,128.366,128.588
2022-05-15,129.432,129.604,128.706,129.432
2022-05-16,128.923,129.75,128.84,128.923
2022-05-17,129.454,129.433,128.12,129.454
2022-05-18,127.914,128.938,127.029,127.914
2022-05-19,127.832,128.284,127.537,127.832
2022-05-22,127.903,127.933,127.167,127.903
2022-05-23,127.846,128.05,126.392,127.846
2022-05-24,126.769,127.415,126.675,126.769
2022-05-25,127.152,127.56,126.569,127.152
2022-05-26,127.045,127.211,126.677,127.045
2022-05-29,127.285,127.806,126.87,127.285
2022-05-30,127.784,128.878,127.653,127.784
2022-05-31,128.736,130.116,128.8,128.736
2022-06-01,130.122,130.181,129.527,130.122
2022-06-02,129.918,130.971,129.695,129.918
2022-06-05,130.707,131.676,130.473,130.707
2022-06-06,132.176,132.988,132.097,132.176
2022-06-07,132.847,134.436,132.733,132.847
2022-06-08,134.43,134.554,133.191,134.43
2022-06-09,134.418,134.381,133.387,134.418
2022-06-12,134.814,135.158,133.609,134.814
2022-06-13,134.225,134.968,133.9,134.225
2022-06-14,135.294,135.285,134.297,135.294
2022-06-15,134.115,134.672,131.547,134.115
2022-06-16,132.421,135.412,132.187,132.421
2022-06-19,135.276,135.412,134.549,135.276
2022-06-20,135.087,136.329,134.945,135.087
2022-06-21,136.269,136.595,135.751,136.269
2022-06-22,136.024,136.181,134.294,136.024
2022-06-23,134.84,135.272,134.37,134.84
2022-06-26,135.062,135.539,134.535,135.062
2022-06-27,135.435,136.303,135.124,135.435
2022-06-28,136.047,136.997,135.811,136.047
2022-06-29,136.589,136.799,135.687,136.589
2022-06-30,135.786,135.977,134.796,135.786
2022-07-03,135.043,135.771,134.798,135.043
2022-07-04,135.84,136.345,135.555,135.84
2022-07-05,135.521,135.962,134.975,135.521
2022-07-06,135.966,136.204,135.57,135.966
2022-07-07,135.913,136.544,135.357,135.913
2022-07-10,136.301,137.745,136.27,136.301
2022-07-11,137.388,137.502,136.496,137.388
2022-07-12,136.726,137.858,136.731,136.726
2022-07-13,137.628,139.377,137.605,137.628
2022-07-14,138.967,139.074,138.404,138.967
2022-07-17,138.314,138.437,137.896,138.314
2022-07-18,138.229,138.387,137.386,138.229
2022-07-19,138.191,138.365,137.914,138.191
2022-07-20,138.395,138.867,137.722,138.395
2022-07-21,137.098,137.939,135.596,137.098
2022-07-24,136.312,136.783,135.936,136.312
2022-07-25,136.431,136.834,136.292,136.431
2022-07-26,136.97,137.343,136.551,136.97
2022-07-27,136.111,136.411,134.355,136.111
2022-07-28,134.397,134.65,132.552,134.397
2022-07-31,133.407,133.365,131.622,133.407
2022-08-01,131.572,132.366,130.43,131.572
2022-08-02,133.379,134.53,132.341,133.379
2022-08-03,133.962,134.388,133.07,133.962
2022-08-04,132.621,135.456,132.59,132.621
2022-08-07,135.057,135.518,134.382,135.057
2022-08-08,134.84,135.17,134.686,134.84
2022-08-09,135.187,135.295,132.063,135.187
2022-08-10,132.83,133.305,131.786,132.83
2022-08-11,132.994,133.869,132.92,132.994
2022-08-14,133.288,133.536,132.584,133.288
2022-08-15,133.143,134.654,132.974,133.143
2022-08-16,134.277,135.489,133.923,134.277
2022-08-17,134.944,135.407,134.654,134.944
2022-08-18,135.795,137.2,135.834,135.795
2022-08-21,137.041,137.647,136.737,137.041
2022-08-22,137.546,137.693,135.882,137.546
2022-08-23,136.733,137.225,136.193,136.733
2022-08-24,137.081,137.18,136.326,137.081
2022-08-25,136.563,137.433,136.36,136.563
2022-08-28,137.63,138.995,138.098,137.52
2022-08-29,138.596,139.056,138.053,138.596
2022-08-30,138.734,138.876,138.276,138.734
2022-08-31,139.296,140.218,139.086,139.296
2022-09-01,140.081,140.795,139.878,140.081
2022-09-04,140.487,140.647,140.129,140.487
2022-09-05,140.43,142.968,140.252,140.43
2022-09-06,143.151,144.982,142.98,143.151
2022-09-07,144.128,144.504,143.338,144.128
2022-09-08,143.856,143.947,141.506,143.856
2022-09-11,142.596,143.486,142.257,142.596
2022-09-12,142.585,144.677,141.896,142.585
2022-09-13,144.404,144.826,142.557,144.404
2022-09-14,142.923,143.794,142.95,142.923
2022-09-15,143.365,143.672,142.871,143.365
2022-09-18,142.765,143.634,142.696,142.765
2022-09-19,143.223,143.901,142.962,143.223
2022-09-20,143.602,144.187,143.378,143.602
2022-09-21,144.316,145.883,140.397,144.316
2022-09-22,142.28,143.317,141.782,142.28
2022-09-25,143.511,144.486,143.438,143.511
2022-09-26,144.459,144.84,144.082,144.459
2022-09-27,144.691,144.818,144.148,144.691
2022-09-28,144.398,144.785,144.21,144.398
2022-09-29,144.431,144.78,144.214,144.431
2022-10-02,144.816,145.278,144.161,144.816
2022-10-03,144.519,144.921,144.319,144.519
2022-10-04,143.787,144.844,143.556,143.787
2022-10-05,144.449,145.133,144.387,144.449
2022-10-06,145.039,145.326,144.76,145.039
2022-10-09,145.482,145.818,145.236,145.482
2022-10-10,145.674,145.846,145.505,145.674
2022-10-11,145.87,146.961,145.879,145.87
2022-10-12,146.737,147.601,146.663,146.737
2022-10-13,147.293,148.492,147.11,147.293
2022-10-16,148.632,148.89,148.431,148.632
2022-10-17,148.971,149.285,148.693,148.971
2022-10-18,149.209,149.781,149.124,149.209
2022-10-19,149.821,149.989,149.567,149.821
2022-10-20,150.176,151.937,146.32,150.176
2022-10-23,147.819,149.452,147.809,147.819
2022-10-24,148.887,148.996,147.555,148.887
2022-10-25,147.98,148.403,146.409,147.98
2022-10-26,146.134,146.861,145.156,146.134
2022-10-27,146.274,147.848,146.028,146.274
2022-10-31,147.812,148.842,147.75,147.812
2022-11-01,148.737,148.807,146.991,148.737
2022-11-02,147.915,147.965,146.852,147.915
2022-11-03,147.892,148.434,147.11,147.892
2022-11-04,148.393,148.393,146.579,148.393
2022-11-07,146.841,147.553,146.114,146.841
2022-11-08,146.624,146.927,145.313,146.624
2022-11-09,145.295,146.558,145.219,145.295
2022-11-10,146.209,146.582,141.538,146.209
2022-11-11,141.734,142.466,138.888,141.734
2022-11-14,139.553,140.769,138.869,139.553
2022-11-15,140.115,140.581,137.809,140.115
2022-11-16,138.965,140.285,138.894,138.965
2022-11-17,139.322,140.714,138.906,139.322
2022-11-18,140.412,140.47,139.65,140.412
2022-11-21,140.253,142.018,140.203,140.253
2022-11-22,142.098,142.239,141.086,142.098
2022-11-23,141.155,141.574,139.587,141.155
2022-11-24,139.278,139.486,138.095,139.278
2022-11-25,138.603,139.591,138.389,138.603
2022-11-28,139.31,139.42,137.514,139.1
2022-11-29,138.719,139.321,137.886,138.719
2022-11-30,138.745,139.883,138.338,138.745
2022-12-01,137.359,137.516,135.539,137.359
2022-12-02,135.15,135.976,133.673,135.15
2022-12-05,134.475,136.581,134.134,134.475
2022-12-06,136.652,137.413,136.008,136.652
2022-12-07,136.886,137.838,136.418,136.886
2022-12-08,136.381,137.224,136.296,136.381
2022-12-09,136.614,136.866,135.612,136.614
2022-12-12,136.712,137.618,136.633,136.712
2022-12-13,137.504,137.942,134.688,137.504
2022-12-14,135.584,135.682,134.681,135.584
2022-12-15,135.348,137.921,135.283,135.348
2022-12-16,137.751,137.751,136.41,137.751
2022-12-19,136.03,137.15,135.773,136.69
2022-12-20,136.995,137.452,131.017,136.995
2022-12-21,131.892,132.476,131.522,131.892
2022-12-22,132.37,132.681,131.655,132.37
2022-12-23,132.357,133.121,132.291,132.357
2022-12-26,132.77,133.237,132.33,132.79
2022-12-27,132.764,133.587,132.648,132.764
2022-12-28,133.486,134.395,133.411,133.486
2022-12-29,134.034,134.188,132.936,134.034
2022-12-30,132.916,132.917,131.541,132.916
2023-01-02,130.845,131.035,130.621,130.845
2023-01-03,130.794,131.182,129.534,130.794
2023-01-04,131.248,132.17,129.964,131.248
2023-01-05,132.246,133.992,131.73,132.246
2023-01-06,133.307,134.741,132.187,133.307
2023-01-09,131.862,132.645,131.327,131.862
2023-01-10,131.729,132.466,131.433,131.729
2023-01-11,132.101,132.854,132.103,132.101
2023-01-12,131.902,132.021,129.569,131.902
2023-01-13,129.172,129.342,127.468,129.172
2023-01-16,128.026,128.81,127.254,128.026
2023-01-17,128.321,129.116,128.022,128.321
2023-01-18,128.281,131.559,127.607,128.281
2023-01-19,128.539,128.773,127.777,128.539
2023-01-20,128.37,130.604,128.355,128.37
2023-01-23,129.385,130.875,129.062,129.354
2023-01-24,130.597,131.069,129.744,130.597
2023-01-25,130.239,130.568,129.293,130.239
2023-01-26,129.237,130.583,129.035,129.237
2023-01-27,129.8,130.255,129.546,129.8
2023-01-30,129.854,130.461,129.205,129.854
2023-01-31,130.479,130.476,129.769,130.479
2023-02-01,130.11,130.396,129.21,130.11
2023-02-02,128.622,129.091,128.093,128.622
2023-02-03,128.746,131.137,128.336,128.746
2023-02-06,132.009,132.892,131.591,132.009
2023-02-07,132.623,132.622,131.16,132.623
2023-02-08,131.042,131.514,130.609,131.042
2023-02-09,131.387,131.809,130.352,131.387
2023-02-10,131.519,131.832,129.834,131.519
2023-02-13,131.551,132.864,131.466,131.551
2023-02-14,132.337,133.118,131.662,132.337
2023-02-15,132.991,134.324,132.555,132.991
2023-02-16,133.903,134.443,133.609,133.903
2023-02-17,134.074,135.08,134.072,134.074
2023-02-20,134.307,134.53,133.929,134.307
2023-02-21,134.336,135.191,134.156,134.336
2023-02-22,134.976,135.048,134.383,134.976
2023-02-23,134.932,135.343,134.644,134.932
2023-02-24,134.628,136.424,134.181,134.628
2023-02-27,136.395,136.476,135.929,136.395
2023-02-28,136.317,136.909,136.022,136.317
2023-03-01,136.348,136.462,135.26,136.348
2023-03-02,136.194,137.065,136.088,136.194
2023-03-03,136.705,136.74,135.828,136.705
2023-03-06,135.87,136.179,135.395,135.86
2023-03-07,135.999,136.947,135.581,135.999
2023-03-08,137.391,137.896,136.506,137.391
2023-03-09,137.226,137.252,135.99,137.226
2023-03-10,136.395,136.979,134.172,136.395
2023-03-13,134.97,135.02,132.293,134.98
2023-03-14,133.114,134.873,133.071,133.114
2023-03-15,134.397,135.058,132.252,134.397
2023-03-16,132.929,133.458,131.744,132.929
2023-03-17,133.368,133.566,131.837,133.368
2023-03-20,132.284,132.63,130.558,132.284
2023-03-21,131.392,132.437,131.048,131.392
2023-03-22,132.348,132.993,132.267,132.348
2023-03-23,131.179,131.636,130.448,131.179
2023-03-24,130.865,130.919,129.674,130.865
2023-03-26,130.846,131.741,130.509,130.846
2023-03-27,131.233,131.276,130.446,131.233
2023-03-28,131.046,132.698,130.928,131.046
2023-03-29,132.576,132.933,132.222,132.576
2023-03-30,133.201,133.564,132.726,133.201
2023-04-02,133.347,133.731,132.221,133.347
2023-04-03,132.299,133.14,131.574,132.299
2023-04-04,131.485,131.839,130.684,131.485
2023-04-05,130.934,131.853,130.791,130.934
2023-04-06,131.669,132.316,131.525,131.669
2023-04-09,132.097,133.842,132.014,132.097
2023-04-10,133.469,133.666,132.981,133.469
2023-04-11,133.594,134.023,132.781,133.594
2023-04-12,133.085,133.367,132.03,133.085
2023-04-13,132.487,133.756,132.176,132.487
2023-04-16,133.971,134.565,133.714,133.971
2023-04-17,134.425,134.693,133.868,134.425
2023-04-18,134.044,135.047,133.961,134.044
2023-04-19,134.704,134.96,134.027,134.704
2023-04-20,133.996,134.465,133.555,133.996
2023-04-23,133.961,134.725,133.89,133.961
2023-04-24,134.084,134.449,133.747,134.084
2023-04-25,133.711,133.866,133.026,133.711
2023-04-26,133.465,134.182,133.295,133.465
2023-04-27,133.802,136.529,133.734,133.802
2023-04-30,136.386,137.402,136.263,136.386
2023-05-01,137.521,137.765,136.409,137.521
2023-05-02,136.466,136.569,135.072,136.466
2023-05-03,134.544,134.87,133.686,134.544
2023-05-04,134.179,135.085,133.886,134.179
2023-05-07,135.199,135.206,134.664,135.199
2023-05-08,135.073,135.336,134.737,135.073
2023-05-09,135.288,135.456,134.31,135.288
2023-05-10,134.087,134.841,133.752,134.087
2023-05-11,134.498,135.629,134.402,134.498
2023-05-14,135.822,136.312,135.716,135.822
2023-05-15,136.045,136.675,135.698,136.045
2023-05-16,136.43,137.566,136.304,136.43
2023-05-17,137.614,138.659,137.311,137.614
2023-05-18,138.62,138.647,137.462,138.62
2023-05-21,137.692,138.659,137.504,137.692
2023-05-22,138.672,138.876,138.253,138.672
2023-05-23,138.598,139.177,138.249,138.598
2023-05-24,139.283,139.876,139.206,139.283
2023-05-25,140.017,140.681,139.514,140.017
2023-05-28,140.871,140.901,140.12,140.871
2023-05-29,140.441,140.903,139.58,140.441
2023-05-30,139.792,140.341,139.316,139.792
2023-05-31,139.127,139.946,138.497,139.127
2023-06-01,138.748,139.797,138.61,138.748
2023-06-04,140.207,140.445,139.256,140.207
2023-06-05,139.383,139.961,139.117,139.383
2023-06-06,139.527,140.026,139.043,139.527
2023-06-07,139.899,140.09,138.825,139.899
2023-06-08,138.863,139.715,138.9,138.863
2023-06-11,139.371,139.725,139.071,139.371
2023-06-12,139.46,140.107,139.016,139.46
2023-06-13,140.177,140.193,139.297,140.177
2023-06-14,139.977,141.476,139.96,139.977
2023-06-15,140.268,141.866,139.862,140.268
2023-06-18,141.867,141.996,141.454,141.867
2023-06-19,141.899,142.224,141.245,141.899
2023-06-20,141.335,142.329,141.371,141.335
2023-06-21,141.688,142.934,141.626,141.688
2023-06-22,143.03,143.854,142.762,143.03
2023-06-25,143.541,143.682,142.973,143.541
2023-06-26,143.46,144.163,143.292,143.46
2023-06-27,143.882,144.595,143.736,143.882
2023-06-28,144.389,144.892,144.138,144.389
2023-06-29,144.78,145.033,144.228,144.78
2023-07-02,144.398,144.909,144.023,144.398
2023-07-03,144.584,144.673,144.21,144.584
2023-07-04,144.406,144.725,144.09,144.406
2023-07-05,144.489,144.642,143.583,144.489
2023-07-06,143.951,144.193,142.11,143.951
2023-07-09,142.209,142.999,141.528,142.209
2023-07-10,141.297,141.441,140.165,141.297
2023-07-11,140.118,140.074,138.205,140.118
2023-07-12,138.315,138.937,138.056,138.315
2023-07-13,138.075,139.101,137.315,138.075
2023-07-16,138.682,139.394,138.015,138.682
2023-07-17,138.729,138.956,137.828,138.729
2023-07-18,139.027,139.99,138.876,139.027
2023-07-19,139.598,140.403,139.123,139.598
2023-07-20,139.864,141.937,139.752,139.864
2023-07-23,141.75,141.771,140.886,141.75
2023-07-24,141.522,141.69,140.915,141.522
2023-07-25,140.913,141.179,140.189,140.913
2023-07-26,140.367,141.281,139.398,140.367
2023-07-27,138.864,140.957,138.09,138.864
2023-07-30,140.758,142.648,140.701,140.758
2023-07-31,142.323,143.453,142.29,142.323
2023-08-01,142.97,143.46,142.257,142.97
2023-08-02,143.344,143.878,142.093,143.344
2023-08-03,142.598,142.867,141.557,142.598
2023-08-06,141.876,142.488,141.523,141.876
2023-08-07,142.524,143.419,142.573,142.524
2023-08-08,143.278,143.712,143.014,143.278
2023-08-09,143.727,144.483,143.339,143.727
2023-08-10,144.854,144.963,144.437,144.854
2023-08-13,144.817,145.566,144.751,144.817
2023-08-14,145.437,145.858,145.107,145.437
2023-08-15,145.608,145.883,145.319,145.608
2023-08-16,146.333,146.525,145.638,146.333
2023-08-17,145.714,145.774,145.134,145.714
2023-08-20,145.305,146.383,145.149,145.305
2023-08-21,146.238,146.39,145.502,146.238
2023-08-22,145.763,145.813,144.58,145.763
2023-08-23,144.673,145.947,144.621,144.673
2023-08-24,146.067,146.605,145.734,146.067
2023-08-27,146.531,146.716,146.278,146.531
2023-08-28,146.464,147.344,145.852,146.464
2023-08-29,145.988,146.523,145.558,145.988
2023-08-30,146.099,146.191,145.531,146.099
2023-08-31,145.473,146.227,144.482,145.473
2023-09-03,146.057,146.49,146.041,146.057
2023-09-04,146.543,147.716,146.498,146.543
2023-09-05,147.471,147.796,147.037,147.471
2023-09-06,147.709,147.865,147.057,147.709
2023-09-07,147.331,147.742,146.687,147.331
2023-09-10,147.113,147.1,145.913,147.113
2023-09-11,146.678,147.219,146.473,146.678
2023-09-12,147.158,147.615,147.112,147.158
2023-09-13,147.346,147.537,147.027,147.346
2023-09-14,147.482,147.949,147.341,147.482
2023-09-17,147.868,147.861,147.56,147.868
2023-09-18,147.605,147.89,147.515,147.605
2023-09-19,147.742,148.163,147.623,147.742
2023-09-20,148.321,148.448,147.325,148.321
2023-09-21,147.644,148.404,147.529,147.644
2023-09-24,148.434,148.944,148.285,148.434
2023-09-25,148.811,149.176,148.708,148.811
2023-09-26,149.045,149.495,148.866,149.045
2023-09-27,149.498,149.542,149.164,149.498
2023-09-28,149.337,149.446,148.531,149.337
2023-10-01,149.54,149.864,149.465,149.54
2023-10-02,149.851,150.142,148.712,149.851
2023-10-03,149.192,149.306,148.74,149.192
2023-10-04,148.966,149.1,148.306,148.966
2023-10-05,148.463,149.488,148.465,148.463
2023-10-08,149.16,149.218,148.523,149.16
2023-10-09,148.327,149.093,148.189,148.327
2023-10-10,148.628,149.18,148.438,148.628
2023-10-11,149.036,149.782,148.958,149.036
2023-10-12,149.79,149.823,149.456,149.79
2023-10-15,149.566,149.753,149.378,149.566
2023-10-16,149.578,149.789,149.319,149.578
2023-10-17,149.759,149.879,149.513,149.759
2023-10-18,149.742,149.932,149.707,149.742
2023-10-19,149.802,149.992,149.805,149.802
2023-10-22,149.88,149.989,149.742,149.88
2023-10-23,149.769,149.918,149.335,149.769
2023-10-24,149.854,149.97,149.795,149.854
2023-10-25,150.098,150.772,150.048,150.098
2023-10-26,150.366,150.403,149.554,150.366
2023-10-30,149.733,149.846,148.814,149.733
2023-10-31,149.111,151.529,149.03,149.111
2023-11-01,151.294,151.432,150.824,151.294
2023-11-02,150.575,150.588,149.85,150.575
2023-11-03,150.497,150.493,149.259,150.497
2023-11-06,149.449,149.83,149.382,149.449
2023-11-07,149.989,150.687,149.969,149.989
2023-11-08,150.396,150.982,150.346,150.396
2023-11-09,150.864,151.176,150.798,150.864
2023-11-10,151.349,151.559,151.225,151.349
2023-11-13,151.469,151.903,151.24,151.469
2023-11-14,151.646,151.775,150.697,151.646
2023-11-15,150.485,151.232,150.26,150.485
2023-11-16,151.215,151.421,150.297,151.215
2023-11-17,150.705,150.769,149.215,150.705
2023-11-20,149.942,149.969,148.109,149.942
2023-11-21,148.362,148.417,147.169,148.362
2023-11-22,148.152,149.744,148.094,148.152
2023-11-23,149.46,149.687,148.888,149.46
2023-11-24,149.635,149.699,149.201,149.635
2023-11-27,149.571,149.653,148.674,149.571
2023-11-28,148.452,148.796,147.4,148.452
2023-11-29,147.063,147.888,146.699,147.063
2023-11-30,147.039,148.46,146.886,147.039
2023-12-01,147.999,148.314,146.851,147.999
2023-12-04,146.393,147.223,146.254,146.393
2023-12-05,147.327,147.37,146.594,147.327
2023-12-06,147.185,147.487,146.905,147.185
2023-12-07,147.184,147.181,143.857,147.184
2023-12-08,144.278,145.148,142.523,144.278
2023-12-11,144.983,146.553,144.903,144.983
2023-12-12,146.085,146.116,144.815,146.085
2023-12-13,145.28,145.977,145.062,145.28
2023-12-14,142.773,142.873,141.044,142.773
2023-12-15,142.279,142.447,141.47,142.279
2023-12-18,142.313,143.127,142.076,142.313
2023-12-19,142.722,144.935,142.263,142.722
2023-12-20,143.889,144.063,143.302,143.889
2023-12-21,143.523,143.549,142.06,143.523
2023-12-22,142.07,142.646,141.884,142.07
2023-12-25,142.342,142.48,142.139,142.342
2023-12-26,142.23,142.62,142.108,142.23
2023-12-27,142.461,142.832,141.858,142.461
2023-12-28,141.399,141.652,140.29,141.399
2023-12-29,141.43,141.899,140.829,141.43
2024-01-01,140.952,141.025,140.952,140.952
2024-01-02,141.126,142.186,141.107,141.126
2024-01-03,142.155,143.693,141.869,142.155
2024-01-04,142.999,144.832,142.868,142.999
2024-01-05,144.765,145.958,143.848,144.765
2024-01-08,144.716,144.793,143.67,144.716
2024-01-09,144.23,144.432,143.453,144.23
2024-01-10,144.428,145.81,144.439,144.428
2024-01-11,145.734,146.359,145.279,145.734
2024-01-12,145.046,145.511,144.369,145.046
2024-01-15,145.149,145.934,145.097,145.149
2024-01-16,145.794,147.164,145.591,145.794
2024-01-17,147.246,148.502,147.127,147.246
2024-01-18,148.118,148.298,147.667,148.118
2024-01-19,148.128,148.781,147.85,148.128
2024-01-22,148.121,148.276,147.641,148.121
2024-01-23,148.142,148.58,147.043,148.142
2024-01-24,148.251,148.238,146.676,148.251
2024-01-25,147.591,147.858,147.109,147.591
2024-01-26,147.723,148.139,147.509,147.723
2024-01-29,148.14,148.322,147.606,148.14
2024-01-30,147.468,147.902,147.11,147.468
2024-01-31,147.369,147.89,146.082,147.369
2024-02-01,146.996,147.109,145.921,146.996
2024-02-02,146.451,148.562,146.248,146.451
2024-02-05,148.501,148.88,148.28,148.501
2024-02-06,148.64,148.783,148.006,148.64
2024-02-07,147.818,148.245,147.663,147.818
2024-02-08,148.086,149.474,147.935,148.086
2024-02-09,149.259,149.571,149.059,149.259
2024-02-12,149.167,149.476,148.932,149.167
2024-02-13,149.405,150.754,149.284,149.405
2024-02-14,150.724,150.774,150.363,150.724
2024-02-15,150.544,150.559,149.759,150.544
2024-02-16,149.946,150.637,149.93,149.946
2024-02-19,150.139,150.187,149.883,150.091
2024-02-20,150.27,150.434,149.698,150.27
2024-02-21,149.939,150.295,149.857,149.939
2024-02-22,150.355,150.639,150.016,150.355
2024-02-23,150.483,150.762,150.306,150.483
2024-02-26,150.497,150.814,150.296,150.498
2024-02-27,150.566,150.6,150.128,150.566
2024-02-28,150.495,150.837,150.373,150.495
2024-02-29,150.656,150.641,149.215,150.656
2024-03-01,150.095,150.698,150.069,150.095
2024-03-04,150.105,150.566,149.844,150.105
2024-03-05,150.466,150.542,149.733,150.466
2024-03-06,150.049,150.076,149.139,150.049
2024-03-07,149.269,149.259,147.583,149.269
2024-03-08,147.868,148.1,146.504,147.868
2024-03-11,146.774,147.125,146.495,146.774
2024-03-12,146.732,147.956,146.645,146.732
2024-03-13,147.619,148.031,147.252,147.619
2024-03-14,147.621,148.303,147.509,147.621
2024-03-15,148.296,149.158,148.057,148.296
2024-03-18,148.955,149.321,148.929,148.955
2024-03-19,149.144,150.839,149.117,149.144
2024-03-20,151.035,151.791,151.016,151.035
2024-03-21,150.76,151.652,150.276,150.76
2024-03-22,151.633,151.846,151.026,151.633
2024-03-25,151.305,151.43,151.057,151.305
2024-03-26,151.373,151.591,151.219,151.373
2024-03-27,151.53,151.944,151.038,151.53
2024-03-28,151.287,151.539,151.152,151.287
2024-03-29,151.44,151.489,151.169,151.44
2024-03-31,151.398,151.754,151.258,151.398
2024-04-01,151.581,151.787,151.477,151.581
2024-04-02,151.54,151.947,151.459,151.54
2024-04-03,151.581,151.763,151.512,151.581
2024-04-04,151.292,151.743,150.854,151.292
2024-04-07,151.69,151.932,151.677,151.69
2024-04-08,151.843,151.928,151.579,151.843
2024-04-09,151.777,152.926,151.683,151.777
2024-04-10,152.964,153.309,152.767,152.964
2024-04-11,153.192,153.377,152.617,153.192
2024-04-14,153.283,154.436,153.285,153.283
2024-04-15,154.206,154.761,154.15,154.206
2024-04-16,154.698,154.727,154.461,154.698
2024-04-17,154.342,154.641,153.985,154.342
2024-04-18,154.61,154.661,153.618,154.61
2024-04-21,154.629,154.784,154.587,154.64
2024-04-22,154.813,154.871,154.594,154.813
2024-04-23,154.744,155.13,154.74,154.744
2024-04-24,155.259,155.736,155.259,155.259
2024-04-25,155.597,157.666,155.479,155.597
2024-04-28,158.224,159.961,154.549,158.224
2024-04-29,156.314,157.556,156.204,156.314
2024-04-30,157.722,157.982,157.421,157.722
2024-05-01,155.704,156.251,153.495,155.704
2024-05-02,153.045,153.41,151.881,153.045
2024-05-05,153.566,154.005,153.321,153.566
2024-05-06,154.237,154.64,153.894,154.237
2024-05-07,154.748,155.65,154.694,154.748
2024-05-08,155.419,155.947,155.226,155.419
2024-05-09,155.389,155.886,155.381,155.389
2024-05-12,155.818,156.21,155.596,155.818
2024-05-13,156.233,156.671,156.227,156.233
2024-05-14,156.498,156.553,154.759,156.498
2024-05-15,154.282,155.516,153.59,154.282
2024-05-16,155.379,155.975,155.271,155.379
2024-05-19,155.754,156.219,155.514,155.754
2024-05-20,156.37,156.524,155.872,156.37
2024-05-21,156.251,156.605,156.147,156.251
2024-05-22,156.704,157.163,156.529,156.704
2024-05-23,156.973,157.137,156.868,156.973
2024-05-26,156.87,156.955,156.678,156.87
2024-05-27,156.845,156.989,156.612,156.845
2024-05-28,157.262,157.639,157.022,157.262
2024-05-29,157.608,157.627,156.427,157.608
2024-05-30,156.953,157.362,156.57,156.953
2024-06-02,157.18,157.451,155.971,157.18
2024-06-03,156.076,156.479,154.601,156.076
2024-06-04,155.124,156.473,155.111,155.124
2024-06-05,155.929,156.396,155.407,155.929
2024-06-06,155.697,157.067,155.142,155.697
2024-06-09,156.833,157.186,156.723,156.833
2024-06-10,157.04,157.388,156.811,157.04
2024-06-11,157.105,157.365,155.729,157.105
2024-06-12,156.8,157.3,156.577,156.8
2024-06-13,157.128,158.247,156.9,157.128
2024-06-16,157.546,157.952,157.17,157.546
2024-06-17,157.7,158.228,157.525,157.7
2024-06-18,157.871,157.945,157.613,157.871
2024-06-19,157.958,158.772,157.956,157.958
2024-06-20,158.931,159.608,158.686,158.931
2024-06-23,159.861,159.913,159.018,159.861
2024-06-24,159.686,159.75,159.253,159.686
2024-06-25,159.686,160.803,159.663,159.686
2024-06-26,160.621,160.724,160.314,160.621
2024-06-27,160.687,161.241,160.277,160.687
2024-06-30,160.907,161.715,160.819,160.907
2024-07-01,161.512,161.73,161.285,161.512
2024-07-02,161.504,161.942,160.865,161.504
2024-07-03,161.621,161.586,160.955,161.621
2024-07-04,161.358,161.372,160.446,161.358
2024-07-07,160.638,161.107,160.272,160.638
2024-07-08,160.857,161.495,160.747,160.857
2024-07-09,161.331,161.74,161.3,161.331
2024-07-10,161.607,161.747,157.489,161.607
2024-07-11,158.201,159.376,157.379,158.201
2024-07-14,158.313,158.358,157.754,158.313
2024-07-15,158.141,158.841,158.113,158.141
2024-07-16,158.35,158.578,156.12,158.35
2024-07-17,155.686,156.985,155.497,155.686
2024-07-18,157.15,157.855,156.978,157.15
2024-07-21,157.422,157.605,156.299,157.422
2024-07-22,156.891,156.903,155.829,156.891
2024-07-23,155.768,155.977,153.111,155.768
2024-07-24,153.891,154.151,151.967,153.891
2024-07-25,153.697,154.731,153.262,153.697
2024-07-28,154.139,154.337,153.063,154.139
2024-07-29,153.833,155.19,153.656,153.833
2024-07-30,152.67,153.581,149.664,152.67
2024-07-31,149.744,150.857,148.505,149.744
2024-08-01,149.201,149.764,146.424,149.201
2024-08-04,145.584,145.918,141.697,145.584
2024-08-05,145.79,146.257,144.063,145.79
2024-08-06,144.732,147.822,144.554,144.732
2024-08-07,146.124,147.475,145.471,146.124
2024-08-08,147.669,147.736,146.312,147.669
2024-08-11,147.042,148.201,146.699,147.042
2024-08-12,146.982,147.93,146.911,146.982
2024-08-13,146.971,147.552,146.081,146.971
2024-08-14,147.253,149.263,147.063,147.253
2024-08-15,149.222,149.23,147.639,149.222
2024-08-18,147.956,147.959,145.221,147.956
2024-08-19,146.699,147.319,145.534,146.699
2024-08-20,145.347,146.339,144.981,145.347
2024-08-21,145.118,146.47,144.948,145.118
2024-08-22,146.202,146.473,144.605,146.202
2024-08-25,144,144.579,143.46,144
2024-08-26,144.516,145.153,144.165,144.516
2024-08-27,143.975,145.025,143.912,143.975
2024-08-28,144.433,145.525,144.283,144.433
2024-08-29,144.89,145.962,144.702,144.89
2024-09-01,146.381,147.119,145.796,146.381
2024-09-02,146.722,147.188,145.168,146.722
2024-09-03,145.353,145.538,144.027,145.353
2024-09-04,143.324,144.204,142.854,143.324
2024-09-05,143.393,143.848,141.765,143.393
2024-09-08,142.486,143.786,142.445,142.486
2024-09-09,143.177,143.675,142.262,143.177
2024-09-10,142.234,142.468,140.718,142.234
2024-09-11,142.59,143.011,141.913,142.59
2024-09-12,141.499,141.527,140.362,141.499
2024-09-15,140.79,140.899,139.578,140.79
2024-09-16,140.79,141.85,140.323,140.79
2024-09-17,142.015,142.051,141.244,142.015
2024-09-18,142.71,143.935,142.065,142.71
2024-09-19,142.858,144.476,141.763,142.858
2024-09-22,144.004,144.439,143.196,144.004
2024-09-23,143.638,144.665,143.412,143.638
2024-09-24,142.963,144.588,142.936,142.963
2024-09-25,144.683,145.188,144.117,144.683
2024-09-26,145.076,146.462,142.454,145.076
2024-09-29,142.783,143.356,141.647,142.783
2024-09-30,143.71,144.496,143.023,143.71
2024-10-01,143.736,146.252,143.532,143.736
2024-10-02,146.582,147.21,146.333,146.582
2024-10-03,146.84,148.738,145.942,146.84
2024-10-06,148.82,148.788,147.863,148.82
2024-10-07,148.146,148.351,147.388,148.146
2024-10-08,148.159,149.258,148.025,148.159
2024-10-09,149.16,149.53,148.418,149.16
2024-10-10,148.704,149.263,148.399,148.704
2024-10-13,149.334,149.949,149.146,149.334
2024-10-14,149.67,149.74,148.853,149.67
2024-10-15,149.099,149.735,148.93,149.099
2024-10-16,149.576,150.138,149.257,149.576
2024-10-17,150.1,150.139,149.515,150.1
2024-10-20,149.6,150.487,149.096,149.6
2024-10-21,150.605,151.129,150.518,150.605
2024-10-22,151.138,153.165,151.152,151.138
2024-10-23,152.769,152.768,151.784,152.769
2024-10-24,151.783,152.14,151.494,151.783
2024-10-28,152.952,153.868,152.421,152.952
2024-10-29,153.179,153.84,152.768,153.179
2024-10-30,153.274,153.472,152.8,153.274
2024-10-31,153.204,153.556,151.922,153.204
2024-11-01,151.98,153.002,151.835,151.98
2024-11-04,152.287,152.285,151.551,152.287
2024-11-05,152.276,152.531,151.796,152.276
2024-11-06,151.435,154.65,151.343,151.435
2024-11-07,154.32,154.702,152.861,154.32
2024-11-08,153.18,153.353,152.171,153.18
2024-11-11,152.904,153.944,152.87,152.904
2024-11-12,153.48,154.76,153.411,153.48
2024-11-13,154.655,155.292,154.35,154.655
2024-11-14,155.429,156.238,155.426,155.429
2024-11-15,156.468,156.746,154.53,156.468
2024-11-18,154.664,155.34,153.864,154.664
2024-11-19,154.617,154.645,153.397,154.617
2024-11-20,154.718,155.872,154.612,154.718
2024-11-21,155.295,155.27,153.952,155.295
2024-11-22,154.218,154.979,153.975,154.218
2024-11-25,154.146,154.696,153.55,154.146
2024-11-26,154.378,154.374,153.025,154.378
2024-11-27,153.009,153.007,150.527,153.009
2024-11-28,151.336,151.941,151.289,151.336
2024-11-29,151.174,151.185,149.59,151.174
2024-12-02,149.816,150.74,149.118,149.898
2024-12-03,149.508,150.215,148.651,149.508
2024-12-04,149.647,151.217,149.537,149.647
2024-12-05,150.567,150.684,149.665,150.567
2024-12-06,150.207,150.683,149.42,150.207
2024-12-09,149.931,151.249,149.697,150.03
2024-12-10,151.408,152.167,150.911,151.408
2024-12-11,151.807,152.77,151.198,151.807
2024-12-12,152.245,152.768,151.836,152.245
2024-12-13,152.587,153.771,152.6,152.587
2024-12-16,153.453,154.474,153.326,153.453
2024-12-17,154.086,154.328,153.4,154.086
2024-12-18,153.572,154.073,153.338,153.572
2024-12-19,154.673,157.791,154.463,154.673
2024-12-20,157.644,157.873,156.103,157.644
2024-12-23,156.533,157.26,156.336,156.533
2024-12-24,157.165,157.377,156.9,157.165
2024-12-25,157.107,157.861,146.202,157.107
2024-12-26,157.133,158.075,157.08,157.133
2024-12-27,157.748,157.915,157.352,157.748
2024-12-30,157.873,158.059,156.668,157.873
2024-12-31,156.995,157.41,156.043,156.995
2025-01-02,157.719,157.765,156.449,157.719
2025-01-03,157.362,157.481,157.028,157.362
2025-01-06,157.481,157.95,156.274,157.481
2025-01-07,157.743,158.421,157.39,157.743
2025-01-08,158.236,158.543,157.902,158.236
2025-01-09,158.192,158.304,157.581,158.192
2025-01-10,158.048,158.857,157.225,158.048
2025-01-13,157.887,157.955,156.909,157.887
2025-01-14,157.364,158.122,157.149,157.364
2025-01-15,158.05,158.082,155.969,158.05
2025-01-16,156.255,156.504,155.119,156.255
2025-01-17,155.356,156.365,154.983,155.356
2025-01-20,156.306,156.457,155.423,156.306
2025-01-21,155.249,156.161,154.798,155.249
2025-01-22,155.774,156.635,155.385,155.774
2025-01-23,156.44,156.747,155.874,156.44
2025-01-24,156.155,156.568,154.862,156.155
2025-01-27,155.744,156.226,153.725,155.744
2025-01-28,154.909,155.971,154.807,154.909
2025-01-29,155.559,155.777,154.973,155.559
2025-01-30,155.17,155.176,153.802,155.17
2025-01-31,154.097,154.994,153.932,154.097
2025-02-03,155.363,155.864,154.019,155.363
2025-02-04,155.277,155.491,154.474,155.277
2025-02-05,154.133,154.349,152.117,154.133
2025-02-06,152.606,152.861,151.684,152.606
2025-02-07,151.193,152.277,150.944,151.193
2025-02-10,151.846,152.525,151.579,151.846
2025-02-11,151.759,152.579,151.687,151.759
2025-02-12,152.739,154.792,152.739,152.739
2025-02-13,154.255,154.647,152.932,154.255
2025-02-14,152.989,153.079,152.029,152.989
2025-02-17,152.023,152.095,151.338,152.023
2025-02-18,151.444,152.207,151.436,151.444
2025-02-19,151.931,152.298,151.255,151.931
2025-02-20,151.22,151.209,149.492,151.22
2025-02-21,149.408,150.735,149.411,149.408
2025-02-24,149.387,149.86,148.844,149.387
2025-02-25,149.864,150.287,148.596,149.864
2025-02-26,149.078,149.885,148.658,149.078
2025-02-27,148.838,150.147,148.802,148.838
2025-02-28,150.012,150.965,149.107,150.012
2025-03-03,150.771,151.299,149.949,150.771
2025-03-04,149.305,149.557,148.103,149.305
2025-03-05,149.799,150.179,148.42,149.799
2025-03-06,148.898,149.314,147.328,148.898
2025-03-07,148.108,148.137,146.99,148.108
2025-03-10,147.608,147.783,146.638,147.608
2025-03-11,147.069,148.114,146.547,147.069
2025-03-12,148.042,149.186,147.848,148.042
2025-03-13,148.279,148.36,147.588,148.279
2025-03-14,147.949,148.996,147.85,147.949
2025-03-17,148.598,149.08,148.288,148.598
2025-03-18,149.379,149.933,149.259,149.379
2025-03-19,149.452,150.142,149.155,149.452
2025-03-20,148.49,148.942,148.18,148.49
2025-03-21,148.596,149.651,148.597,148.596
2025-03-24,149.677,150.743,149.47,149.677
2025-03-25,150.774,150.935,149.552,150.774
2025-03-26,149.95,150.742,149.851,149.95
2025-03-27,150.473,151.083,150.065,150.473
2025-03-28,150.847,151.2,149.923,150.847
2025-03-30,149.617,149.953,148.71,149.617
2025-03-31,149.913,149.98,148.977,149.913
2025-04-01,149.783,150.076,149.111,149.783
2025-04-02,147.872,148.318,145.339,147.872
2025-04-03,146.231,146.5,144.602,146.231
2025-04-06,145.433,147.962,145.095,145.433
2025-04-07,147.789,147.935,146.682,147.789
2025-04-08,145.845,145.885,144.045,145.845
2025-04-09,147.399,147.435,144.067,147.399
2025-04-10,143.747,144.11,142.101,143.747
2025-04-13,143.696,144.047,142.265,143.696
2025-04-14,143.221,143.579,142.612,143.221
2025-04-15,143.181,143.158,142.071,143.181
2025-04-16,141.928,143.02,141.915,141.928
2025-04-21,140.876,141.14,139.892,140.876
2025-04-22,142.688,142.752,141.531,142.688
2025-04-23,143.223,143.333,142.308,143.223
2025-04-24,142.879,144.023,142.844,142.879
2025-04-27,143.841,143.864,142.645,143.841
2025-04-28,142.178,142.757,142.022,142.178
2025-04-29,142.299,143.143,142.171,142.299
2025-04-30,143.009,145.634,142.89,143.009
2025-05-01,145.448,145.906,143.738,145.448
2025-05-04,144.624,144.777,143.544,144.624
2025-05-05,143.654,144.25,142.363,143.654
2025-05-06,143.035,143.508,142.768,143.035
2025-05-07,143.848,145.554,143.468,143.848
2025-05-08,146.015,146.166,144.849,146.015
2025-05-11,145.812,148.582,145.718,145.812
2025-05-12,148.31,148.245,147.656,148.31
2025-05-13,147.528,147.646,145.629,147.528
2025-05-14,146.65,146.721,145.416,146.65
2025-05-15,145.613,146.057,144.932,145.613
2025-05-18,145.298,145.339,144.658,145.298
2025-05-19,144.975,145.449,144.097,144.975
2025-05-20,144.328,144.347,143.459,144.328
2025-05-21,143.755,144.045,142.828,143.755
2025-05-22,143.858,144.01,142.469,143.858
2025-05-25,142.867,143.033,142.234,142.867
2025-05-26,142.655,144.449,142.131,142.655
2025-05-27,144.177,145.064,143.869,144.177
2025-05-28,145.697,146.251,144.067,145.697
2025-05-29,143.779,144.401,143.444,143.779
2025-06-01,143.815,143.797,142.546,143.815
2025-06-02,142.452,143.973,142.423,142.452
2025-06-03,143.837,144.349,142.903,143.837
2025-06-04,142.732,143.948,142.587,142.732
2025-06-05,143.542,145.075,143.545,143.542
2025-06-08,144.691,144.941,143.984,144.691
2025-06-09,144.54,145.288,144.41,144.54
2025-06-10,144.838,145.413,144.377,144.838
2025-06-11,144.203,144.325,143.206,144.203
2025-06-12,143.194,144.464,142.817,143.194
2025-06-15,144.091,144.571,143.66,144.091
2025-06-16,144.729,145.263,144.414,144.729
2025-06-17,145.376,145.438,144.55,145.376
2025-06-18,144.955,145.765,144.748,144.955
2025-06-19,145.218,145.953,145.147,145.218
2025-06-22,146.224,148.002,146.141,146.224
2025-06-23,145.928,145.899,144.526,145.928
2025-06-24,144.957,145.949,144.628,144.957
2025-06-25,144.904,144.935,143.771,144.904
2025-06-26,144.694,144.931,144.196,144.694
2025-06-29,144.517,144.726,143.798,144.517
2025-06-30,143.8,143.924,142.695,143.8
2025-07-01,143.402,144.221,143.375,143.402
2025-07-02,143.526,145.216,143.455,143.526
2025-07-03,144.682,144.78,144.193,144.682
2025-07-06,144.498,145.888,144.234,144.498
2025-07-07,145.892,146.964,145.85,145.892
2025-07-08,146.849,147.172,146.271,146.849
2025-07-09,146.114,146.763,145.765,146.114
2025-07-10,146.288,147.492,146.262,146.288
2025-07-13,147.295,147.708,146.881,147.295
2025-07-14,147.792,149.013,147.552,147.792
2025-07-15,148.761,149.167,146.967,148.761
2025-07-16,148.003,149.014,148.006,148.003
2025-07-17,148.442,148.883,148.214,148.442
2025-07-20,148.431,148.551,147.257,148.431
2025-07-21,147.409,147.93,146.345,147.409
2025-07-22,146.785,147.185,146.136,146.785
2025-07-23,146.349,146.945,145.856,146.349
2025-07-24,147.005,147.923,146.864,147.005
2025-07-27,147.813,148.484,147.525,147.813
2025-07-28,148.479,148.799,148.17,148.479
2025-07-29,148.442,149.096,147.811,148.442
2025-07-30,149.226,150.626,148.601,149.226
2025-07-31,150.772,150.915,147.681,150.772
2025-08-03,147.343,148.067,146.878,147.343
2025-08-04,146.793,147.827,146.617,146.793
2025-08-05,147.56,147.874,147.229,147.56
2025-08-06,147.193,147.694,146.7,147.193
2025-08-07,146.837,147.88,146.77,146.837
2025-08-10,147.664,148.099,147.353,147.664
2025-08-11,148.125,148.505,147.606,148.125
2025-08-12,147.758,148.161,147.104,147.758
2025-08-13,147.12,147.798,146.222,147.12
2025-08-14,147.691,147.713,146.756,147.691
2025-08-17,147.264,147.981,147.127,147.264
2025-08-18,147.916,148.093,147.546,147.916
2025-08-19,147.731,147.81,146.885,147.731
2025-08-20,147.318,148.369,147.262,147.318
2025-08-21,148.386,148.766,146.588,148.386
2025-08-24,147.215,147.667,147.099,147.215
2025-08-25,147.822,147.895,147.004,147.822
2025-08-26,147.462,148.166,147.402,147.462
2025-08-27,147.316,147.466,146.807,147.316
2025-08-28,146.79,147.389,146.77,146.79
2025-08-31,147.097,147.371,146.789,147.097
2025-09-01,147.084,148.933,147.093,147.084
2025-09-02,148.548,149.116,147.953,148.548
2025-09-03,147.98,148.77,147.839,147.98
2025-09-04,148.375,148.428,146.824,148.375
2025-09-07,148.344,148.546,147.471,148.344
2025-09-08,147.364,147.415,146.327,147.364
2025-09-09,147.392,147.596,147.128,147.392
2025-09-10,147.332,147.982,147.006,147.332
2025-09-11,147.224,148.052,147.168,147.224
2025-09-14,147.666,147.681,147.237,147.666
2025-09-15,147.405,147.537,146.507,147.405
2025-09-16,146.413,146.681,146.217,146.413
2025-09-17,146.891,148.257,146.865,146.891
2025-09-18,147.947,148.248,147.21,147.947
2025-09-21,148.095,148.37,147.737,148.095
2025-09-22,147.725,147.92,147.51,147.725
2025-09-23,147.613,148.769,147.514,147.613
2025-09-24,148.751,149.823,148.562,148.751
2025-09-25,149.861,149.935,149.425,149.861
2025-09-28,149.405,149.404,148.468,149.405
2025-09-29,148.595,148.811,147.659,148.595
2025-09-30,147.997,148.22,146.609,147.997
2025-10-01,147.083,147.509,146.609,147.083
2025-10-02,147.15,147.811,147.171,147.15
2025-10-05,149.606,150.467,149.481,149.606
2025-10-06,150.331,151.2,150.248,150.331
2025-10-07,152.051,152.991,152.097,152.051
2025-10-08,152.68,153.212,152.192,152.68
2025-10-09,152.965,153.15,151.526,152.965
2025-10-12,152.056,152.441,151.735,152.056
2025-10-13,152.434,152.593,151.657,152.434
2025-10-14,151.731,151.822,150.914,151.731
2025-10-15,150.974,151.392,150.522,150.974
2025-10-16,150.12,150.585,149.407,150.12
2025-10-19,150.9,151.199,150.286,150.9
2025-10-20,150.774,152.16,150.492,150.774
2025-10-21,151.893,152.027,151.507,151.893
2025-10-22,151.954,152.786,151.975,151.954
2025-10-23,152.602,153.056,152.347,152.602
2025-10-27,153.061,153.243,152.577,153.061
2025-10-28,152.692,152.729,151.756,152.692
2025-10-29,151.731,152.514,151.549,151.731
2025-10-30,152.722,154.441,152.185,152.722
2025-10-31,153.9,154.376,153.656,153.9
2025-11-03,154.195,154.284,153.947,154.195
2025-11-04,154.204,154.462,153.322,154.204
2025-11-05,153.557,154.352,152.981,153.557
2025-11-06,154.073,154.132,152.977,154.073
2025-11-07,152.948,153.517,152.853,152.948
2025-11-10,153.545,154.235,153.545,153.817
2025-11-11,154.164,154.465,153.67,154.146
2025-11-12,154.053,155.019,154.053,154.075
2025-11-13,154.703,154.985,154.148,154.713
2025-11-14,154.629,154.747,153.65,154.633
2025-11-17,154.618,155.295,154.414,154.585
2025-11-18,155.25,155.495,154.835,155.273
2025-11-19,155.524,156.699,155.22,155.548
2025-11-20,156.992,157.887,156.879,156.992
2025-11-21,157.383,157.527,156.225,157.369
2025-11-24,156.662,157.17,156.499,156.688
2025-11-25,156.878,156.97,155.914,156.939
2025-11-26,156.169,156.722,155.671,156.23
2025-11-27,156.212,156.401,155.722,156.239
2025-11-28,156.287,156.574,155.978,156.284
2025-12-01,155.887,155.911,154.686,155.928
2025-12-02,155.547,156.171,155.459,155.557
2025-12-03,155.749,155.795,155.01,155.807
2025-12-04,155.097,155.53,154.519,155.107
2025-12-05,155.102,155.482,154.352,155.142
2025-12-08,155.303,155.975,154.903,155.34
2025-12-09,155.839,156.915,155.75,155.844
2025-12-10,156.798,156.918,156.323,156.838
2025-12-11,155.744,156.144,154.945,155.79
2025-12-12,155.477,156.122,155.461,155.567
2025-12-15,155.859,155.968,154.85,155.888
2025-12-16,155.024,155.111,154.47,155.015
2025-12-17,154.768,155.627,154.514,154.778
2025-12-18,155.48,155.965,155.289,155.495
2025-12-19,155.568,157.487,155.568,155.586
2025-12-22,157.609,157.649,156.865,157.676
2025-12-23,156.911,156.911,155.664,156.877
2025-12-24,156.165,156.252,155.572,156.176
2025-12-26,156.17,156.638,155.995,156.09
2025-12-29,156.275,156.5,155.928,156.463
2025-12-30,155.932,156.548,155.742,156.013
2025-12-31,156.367,156.989,156.331,156.413
2026-01-02,156.737,156.992,156.51,156.731
2026-01-05,156.966,157.292,156.315,156.989
2026-01-06,156.586,156.783,156.159,156.626
2026-01-07,156.657,156.794,156.299,156.68
2026-01-08,156.693,157.06,156.467,156.731
2026-01-09,156.896,158.161,156.885,156.88
2026-01-12,158.123,158.188,157.521,158.149
2026-01-13,157.996,159.187,157.965,157.986
2026-01-14,159.179,159.438,158.11,159.179
2026-01-15,158.436,158.875,158.223,158.402
2026-01-16,158.572,158.676,157.821,158.596
2026-01-19,157.567,158.148,157.425,157.535
2026-01-20,158.18,158.592,157.566,158.177
2026-01-21,158.156,158.297,157.75,158.162
2026-01-22,158.457,158.875,158.203,158.456
2026-01-23,158.488,159.207,157.392,158.501
2026-01-26,155.187,155.326,153.353,155.166
2026-01-27,154.349,154.869,152.891,154.336
2026-01-28,152.519,153.766,152.33,152.453
2026-01-29,153.124,153.506,152.759,153.096
2026-01-30,153.147,154.746,153.085,153.162
2026-02-02,155.135,155.685,154.569,155.202
2026-02-03,155.503,156.07,155.312,155.443
2026-02-04,155.815,156.845,155.815,155.799
2026-02-05,156.904,157.328,156.563,156.917
2026-02-06,156.771,157.131,156.539,156.784
2026-02-09,157.255,157.255,155.532,157.244
2026-02-10,156.122,156.285,154.074,156.132
2026-02-11,154.502,154.546,152.824,154.482
2026-02-12,153.239,153.738,152.278,153.269
2026-02-13,152.757,153.655,152.745,152.821
2026-02-16,152.788,153.619,152.77,152.779
2026-02-17,153.55,153.887,152.701,153.609
2026-02-18,153.116,154.479,153.063,153.149
2026-02-19,154.684,155.312,154.538,154.693
2026-02-20,155.174,155.625,154.719,155.16
2026-02-23,154.356,155.022,153.995,154.339
2026-02-24,154.637,156.242,154.619,154.635
2026-02-25,155.912,156.808,155.357,155.88
2026-02-26,156.143,156.261,155.746,156.2
2026-02-27,155.871,156.217,155.541,155.859
2026-03-02,156.608,157.744,156.148,156.633
2026-03-03,157.272,157.966,157.153,157.257
2026-03-04,157.781,157.845,156.883,157.773
2026-03-05,156.971,157.768,156.474,156.983
2026-03-06,157.522,158.074,157.412,157.534
2026-03-09,158.384,158.894,158.003,158.427
2026-03-10,157.856,157.959,157.277,157.848
2026-03-11,158.068,158.839,157.87,158.114
2026-03-12,159.093,159.284,158.573,159.075
2026-03-13,159.21,159.631,159.004,159.206
2026-03-16,159.512,159.621,158.854,159.568
2026-03-17,159.139,159.487,158.725,159.105
2026-03-18,158.89,159.566,158.567,158.889
2026-03-19,159.816,159.816,158.074,159.795
2026-03-20,157.915,159.257,157.737,157.924
2026-03-23,159.14,159.65,158.225,159.234
2026-03-24,158.49,158.937,158.409,158.479
2026-03-25,158.71,159.225,158.577,158.718
2026-03-26,159.401,159.689,159.287,159.384
2026-03-27,159.715,160.158,159.456,159.704
2026-03-29,160.231,160.231,159.321,160.234
2026-03-30,159.754,159.959,158.892,159.841
2026-03-31,158.568,158.99,158.279,158.579
2026-04-01,158.699,159.742,158.601,158.688
2026-04-02,159.456,159.695,159.427,159.491
2026-04-05,159.75,159.793,159.317,159.78
2026-04-06,159.706,160.015,159.473,159.683
2026-04-07,158.648,158.747,157.893,158.716
2026-04-08,158.634,159.28,158.634,158.642
2026-04-09,159.089,159.364,159.009,159.112
2026-04-12,159.697,159.85,159.517,159.68
2026-04-13,159.262,159.324,158.603,159.214
2026-04-14,158.763,159.153,158.652,158.792
2026-04-15,158.783,159.287,158.278,158.809
2026-04-16,159.224,159.515,157.612,159.195
2026-04-19,159.153,159.177,158.551,159.161
2026-04-20,158.854,159.431,158.803,158.844
2026-04-21,159.338,159.504,159.104,159.373
2026-04-22,159.494,159.776,159.298,159.488
2026-04-23,159.742,159.837,159.336,159.747
2026-04-26,159.575,159.575,159.09,159.576
2026-04-27,159.359,159.784,158.97,159.357
2026-04-28,159.545,160.288,159.521,159.552
2026-04-29,160.193,160.702,155.551,160.184
2026-04-30,156.994,157.309,155.516,156.978
2026-05-03,156.9,157.277,155.815,156.846
2026-05-04,157.205,157.835,157.121,157.194
2026-05-05,157.665,157.889,155.047,157.677
2026-05-06,156.511,156.511,156.036,156.508
2026-05-07,156.838,156.973,156.446,156.829
2026-05-10,156.889,157.169,156.855,156.858
2026-05-11,157.27,157.746,156.809,157.231
2026-05-12,157.675,157.891,157.579,157.671
2026-05-13,157.847,158.183,157.609,157.851
2026-05-14,158.393,158.738,158.305,158.382
2026-05-17,158.869,159.059,158.64,158.844
2026-05-18,158.875,159.242,158.778,158.861
2026-05-19,159.053,159.166,158.594,159.035
2026-05-20,158.888,159.318,158.818,158.888
2026-05-21,159.048,159.225,159,159.018
2026-05-24,158.942,159.037,158.759,158.946
2026-05-25,158.948,159.372,158.907,158.954
2026-05-26,159.224,159.518,159.174,159.243
2026-05-27,159.574,159.643,159.166,159.568
2026-05-28,159.261,159.376,159.099,159.27
2026-05-31,159.383,159.749,159.368,159.353
2026-06-01,159.64,159.895,159.636,159.636
2026-06-02,159.975,159.994,159.512,159.968
2026-06-03,159.946,160.021,159.75,159.94
2026-06-04,159.99,160.29,159.824,159.99
2026-06-07,160.328,160.388,159.906,160.327
2026-06-08,160.182,160.299,160.055,160.174
2026-06-09,160.382,160.521,160.251,160.384
2026-06-10,160.508,160.586,160.427,160.527
2026-06-11,160.168,160.369,159.973,160.13
2026-06-14,159.916,160.222,159.887,159.955
2026-06-15,160.24,160.458,160.058,160.229
2026-06-16,160.414,160.422,160.118,160.419
2026-06-17,160.55,161.366,160.539,160.6
2026-06-18,161.248,161.449,161.006,161.289
2026-06-21,161.433,161.914,161.103,161.433
2026-06-22,161.547,161.733,161.31,161.57
2026-06-23,161.558,161.802,161.531,161.599
2026-06-24,161.733,161.935,161.587,161.763
2026-06-25,161.79,161.843,161.535,161.805
2026-06-28,161.763,161.955,161.719,161.787
2026-06-29,161.92,162.651,161.92,161.923
2026-06-30,162.66,162.836,162.294,162.628
2026-07-01,162.542,162.584,160.688,162.539
2026-07-02,161.404,161.494,160.62,161.449
2026-07-05,161.487,162.424,161.465,161.452
2026-07-06,162.095,162.173,161.688,162.088
2026-07-07,162.362,162.698,162.08,162.363
2026-07-08,162.51,162.565,162.247,162.539
2026-07-09,162.335,162.419,161.292,162.363
2026-07-12,161.886,162.393,161.886,161.878
2026-07-13,162.413,162.466,161.695,162.429
2026-07-14,162.187,162.415,161.967,162.187
2026-07-15,162.084,162.469,161.98,162.072
2026-07-16,162.381,162.467,162.147,162.376
2026-07-19,162.525,162.583,162.271,162.512
2026-07-20,162.48,163.031,162.44,162.487
2026-07-21,163.168,163.198,162.85,163.186
2026-07-22,163.068,163.979,162.994,163.081
2026-07-23,163.876,163.931,163.645,163.832
2026-07-26,163.588,163.761,163.326,163.611
2026-07-27,163.792,163.942,163.644,163.771
2026-07-28,163.858,163.883,163.293,163.864
2026-07-29,163.253,163.733,157.994,163.3
2026-07-30,160.179,160.836,158.668,160.183
2026-08-02,157.698,157.869,155.256,157.582
2026-08-03,157.539,157.952,157.231,157.529
2026-08-04,157.735,157.863,157.302,157.692
2026-08-05,157.664,158.48,157.599,157.6
2026-08-06,158.448,158.561,156.831,158.409
2026-08-09,157.9,159.046,157.849,157.891
2026-08-10,159.154,159.383,159.004,159.156
2026-08-11,159.282,159.456,158.719,159.265
2026-08-12,159.398,159.438,159.384,159.393
